Row ID,Order ID,Order Date,Ship Date,Ship Mode,Customer Name,Segment,City,State,Postal Code,Category,Sub-Category,Product Name,Sales (₹),Quantity,Discount,Profit (₹),Order Priority,Delivery Days,Order Month,Order Year,Profit Margin (%)
1,IN-2023-10000,2023-01-08,2023-01-11,First Class,Ravi Sharma,Consumer,Mumbai,Maharashtra,400001,Technology,Machines,Canon Scanner,262955.75,13,0.05,-24984.42,Critical,3,1,2023,-9.5
2,IN-2023-10001,2023-04-05,2023-04-11,Standard Class,Priya Patel,Consumer,Delhi,Delhi,110001,Office Supplies,Art,Sketch Pad A3,3517.43,8,0.0,-175.86,Low,6,4,2023,-5.0
3,IN-2023-10002,2023-11-18,2023-11-21,First Class,Arjun Singh,Corporate,Bangalore,Karnataka,560001,Office Supplies,Binders,Ring Binder,2342.59,11,0.0,903.22,Medium,3,11,2023,38.56
4,IN-2022-10003,2022-11-12,2022-11-13,Same Day,Sneha Mehta,Consumer,Chennai,Tamil Nadu,600001,Office Supplies,Binders,Ring Binder,1345.19,5,0.0,-153.65,Low,1,11,2022,-11.42
5,IN-2022-10004,2022-02-04,2022-02-05,Same Day,Kiran Rao,Home Office,Hyderabad,Telangana,500001,Furniture,Storage,Document Tray,1542.03,4,0.15,286.04,High,1,2,2022,18.55
6,IN-2023-10005,2023-12-31,2024-01-03,First Class,Deepak Joshi,Consumer,Pune,Maharashtra,411001,Furniture,Furnishings,Filing Cabinet,10307.57,14,0.1,-498.17,Medium,3,12,2023,-4.83
7,IN-2022-10006,2022-12-04,2022-12-09,Standard Class,Anjali Gupta,Home Office,Kolkata,West Bengal,700001,Technology,Accessories,Keyboard Bluetooth,11189.66,8,0.1,4236.9,Critical,5,12,2022,37.86
8,IN-2022-10007,2022-05-09,2022-05-15,Standard Class,Vikram Nair,Home Office,Ahmedabad,Gujarat,380001,Office Supplies,Labels,Mailing Labels,665.98,9,0.0,-94.17,Critical,6,5,2022,-14.14
9,IN-2022-10008,2022-02-10,2022-02-13,First Class,Pooja Verma,Consumer,Jaipur,Rajasthan,302001,Furniture,Bookcases,Wooden Bookcase 5-Shelf,16419.66,8,0.15,-1794.27,Medium,3,2,2022,-10.93
10,IN-2023-10009,2023-07-01,2023-07-01,Same Day,Rahul Kulkarni,Home Office,Lucknow,Uttar Pradesh,226001,Office Supplies,Paper,A4 Paper Ream 500,2513.24,7,0.05,631.54,Medium,0,7,2023,25.13
11,IN-2022-10010,2022-01-15,2022-01-21,Standard Class,Meera Iyer,Consumer,Surat,Gujarat,395001,Technology,Machines,HP LaserJet Pro,,5,0.15,10605.51,High,6,1,2022,
12,IN-2022-10011,2022-06-20,2022-06-25,Standard Class,Suresh Reddy,Consumer,Nagpur,Maharashtra,440001,Furniture,Chairs,Gaming Chair,12600.33,13,0.25,-162.41,High,5,6,2022,-1.29
13,IN-2022-10012,2022-01-28,2022-02-03,Standard Class,Neha Tiwari,Consumer,Indore,Madhya Pradesh,452001,Furniture,Bookcases,Wooden Bookcase 5-Shelf,14805.78,6,0.1,186.53,Medium,6,1,2022,1.26
14,IN-2022-10013,2022-10-10,2022-10-16,Standard Class,Amit Kumar,Consumer,Bhopal,Madhya Pradesh,462001,Technology,Machines,Canon Scanner,104852.45,10,0.05,36567.88,Low,6,10,2022,34.88
15,IN-2023-10014,2023-11-15,2023-11-18,First Class,Sunita Desai,Consumer,Patna,Bihar,800001,Office Supplies,Envelopes,Brown Envelopes,738.42,6,0.05,-20.56,Medium,3,11,2023,-2.78
16,IN-2023-10015,2023-01-22,2023-01-24,First Class,Rajesh Shah,Home Office,Vadodara,Gujarat,390001,Furniture,Chairs,Gaming Chair,653.44,1,0.0,-9.29,Medium,2,1,2023,-1.42
17,IN-2023-10016,2023-02-07,2023-02-13,Standard Class,Kavita Mishra,Consumer,Ludhiana,Punjab,141001,Technology,Machines,HP LaserJet Pro,38515.73,2,0.0,125.39,Low,6,2,2023,0.33
18,IN-2023-10017,2023-09-02,2023-09-06,Second Class,Arun Pandey,Consumer,Agra,Uttar Pradesh,282001,Office Supplies,Fasteners,Stapler Heavy Duty,160.65,4,0.05,-2.7,Critical,4,9,2023,-1.68
19,IN-2023-10018,2023-02-07,2023-02-08,Same Day,Rohit Yadav,Consumer,Nashik,Maharashtra,422001,Technology,Copiers,Xerox WorkCenter,459865.48,9,0.0,-58666.73,Critical,1,2,2023,-12.76
20,IN-2023-10019,2023-04-18,2023-04-21,First Class,Divya Nair,Corporate,Coimbatore,Tamil Nadu,641001,Furniture,Furnishings,Office Cabinet,637.03,1,0.1,197.95,Critical,3,4,2023,31.07
21,IN-2022-10020,2022-10-31,2022-11-06,Standard Class,Sanjay Gupta,Home Office,Mumbai,Maharashtra,400001,Technology,Machines,Brother Printer,102303.82,12,0.3,13724.03,Medium,6,10,2022,13.41
22,IN-2022-10021,2022-02-23,2022-02-24,Same Day,Rekha Verma,Home Office,Delhi,Delhi,110001,Technology,Machines,Brother Printer,110340.7,9,0.15,,Critical,1,2,2022,
23,IN-2022-10022,2022-04-09,2022-04-12,Second Class,Manoj Tiwari,Home Office,Bangalore,Karnataka,560001,Technology,Phones,Motorola G84,125139.47,4,0.1,-18137.92,Low,3,4,2022,-14.49
24,IN-2023-10023,2023-02-02,2023-02-02,Same Day,Geeta Sharma,Consumer,Chennai,Tamil Nadu,600001,Furniture,Tables,Folding Table,12660.17,6,0.3,-674.04,Low,0,2,2023,-5.32
25,IN-2022-10024,2022-01-22,2022-01-26,Second Class,Vinod Patel,Consumer,Hyderabad,Telangana,500001,Office Supplies,Supplies,Sticky Notes Pack,135.49,1,0.1,17.59,High,4,1,2022,12.98
26,IN-2023-10025,2023-04-26,2023-04-26,Same Day,,Corporate,Pune,Maharashtra,411001,Technology,Machines,Epson Printer,149821.64,8,0.15,18945.01,High,0,4,2023,12.65
27,IN-2023-10026,2023-06-02,2023-06-05,Second Class,Prakash Rao,Consumer,Kolkata,West Bengal,700001,Office Supplies,Labels,Colour Dot Labels,32.7,1,0.3,3.55,Low,3,6,2023,10.86
28,IN-2022-10027,2022-06-10,2022-06-13,First Class,Usha Mehta,Corporate,Ahmedabad,Gujarat,380001,Technology,Phones,Samsung Galaxy Tab,358676.87,14,0.3,114473.59,Low,3,6,2022,31.92
29,IN-2023-10028,2023-10-25,2023-10-26,Same Day,Sunil Joshi,Consumer,Jaipur,Rajasthan,302001,Office Supplies,Paper,Tracing Paper,3163.62,6,0.1,-305.46,High,1,10,2023,-9.66
30,IN-2023-10029,2023-06-22,2023-06-27,Standard Class,Leela Iyer,Consumer,Lucknow,Uttar Pradesh,226001,Furniture,Tables,Conference Table,26582.95,8,0.15,1268.54,Medium,5,6,2023,4.77
31,IN-2023-10030,2023-02-04,2023-02-05,Same Day,Ravi Sharma,Consumer,Surat,Gujarat,395001,Office Supplies,Labels,Address Labels,572.17,7,0.15,118.71,Medium,1,2,2023,20.75
32,IN-2022-10031,2022-07-09,2022-07-12,Second Class,Priya Patel,Home Office,Nagpur,Maharashtra,440001,Furniture,Furnishings,Filing Cabinet,1265.87,2,0.15,38.59,High,3,7,2022,3.05
33,IN-2022-10032,2022-02-22,2022-02-28,Standard Class,Arjun Singh,Home Office,Indore,Madhya Pradesh,452001,Technology,Phones,Motorola G84,310747.04,10,0.05,-24896.03,Critical,6,2,2022,-8.01
34,IN-2023-10033,2023-10-18,2023-10-18,Same Day,Sneha Mehta,Consumer,Bhopal,Madhya Pradesh,462001,Office Supplies,Labels,Address Labels,777.96,13,0.05,182.61,Critical,0,10,2023,23.47
35,IN-2022-10034,2022-04-27,2022-05-03,Standard Class,Kiran Rao,Home Office,Patna,Bihar,800001,Office Supplies,Envelopes,Padded Envelopes,722.0,8,0.05,-77.14,Medium,6,4,2022,-10.68
36,IN-2023-10035,2023-08-24,2023-08-28,Second Class,Deepak Joshi,Home Office,Vadodara,Gujarat,390001,Office Supplies,Art,Watercolour Set,4460.03,10,0.05,-80.8,Critical,4,8,2023,-1.81
37,IN-2022-10036,2022-03-27,2022-03-27,Same Day,Anjali Gupta,Home Office,Ludhiana,Punjab,141001,Office Supplies,Art,Drawing Kit,1711.04,5,0.05,-23.52,High,0,3,2022,-1.37
38,IN-2022-10037,2022-12-07,2022-12-10,Second Class,Vikram Nair,Consumer,Agra,Uttar Pradesh,282001,Furniture,Chairs,Mesh Task Chair,27586.93,14,0.0,-3877.66,Critical,3,12,2022,-14.06
39,IN-2023-10038,2023-10-21,2023-10-24,First Class,Pooja Verma,Consumer,Nashik,Maharashtra,422001,Office Supplies,Art,Drawing Kit,3255.35,10,0.1,-407.19,Medium,3,10,2023,-12.51
40,IN-2023-10039,2023-11-21,2023-11-21,Same Day,Rahul Kulkarni,Corporate,Coimbatore,Tamil Nadu,641001,Office Supplies,Art,Drawing Kit,269.18,2,0.1,98.82,Critical,0,11,2023,36.71
41,IN-2022-10040,2022-10-12,2022-10-14,First Class,Meera Iyer,Corporate,Mumbai,Maharashtra,400001,Office Supplies,Envelopes,Brown Envelopes,584.54,5,0.2,121.77,Critical,2,10,2022,20.83
42,IN-2023-10041,2023-08-25,2023-08-29,Second Class,Suresh Reddy,Consumer,Delhi,Delhi,110001,Office Supplies,Art,Drawing Kit,771.76,2,,19.63,Medium,4,8,2023,2.54
43,IN-2023-10042,2023-11-07,2023-11-13,Standard Class,Neha Tiwari,Home Office,Bangalore,Karnataka,560001,Furniture,Furnishings,Filing Cabinet,2488.14,5,0.25,-319.6,Low,6,11,2023,-12.84
44,IN-2022-10043,2022-07-09,2022-07-10,Same Day,Amit Kumar,Consumer,Chennai,Tamil Nadu,600001,Office Supplies,Envelopes,Padded Envelopes,328.94,3,0.05,91.13,High,1,7,2022,27.7
45,IN-2023-10044,2023-12-30,2023-12-31,Same Day,Sunita Desai,Home Office,Hyderabad,Telangana,500001,Office Supplies,Art,Drawing Kit,1930.29,9,0.05,277.73,Critical,1,12,2023,14.39
46,IN-2023-10045,2023-07-18,2023-07-20,First Class,Rajesh Shah,Consumer,Pune,Maharashtra,411001,Furniture,Furnishings,Office Cabinet,9511.27,9,0.05,3578.52,Critical,2,7,2023,37.62
47,IN-2023-10046,2023-07-23,2023-07-25,First Class,Kavita Mishra,Consumer,Kolkata,West Bengal,700001,Furniture,Storage,Locker Unit,5269.71,12,0.15,1390.18,Critical,2,7,2023,26.38
48,IN-2023-10047,2023-08-11,2023-08-14,Second Class,Arun Pandey,Consumer,Ahmedabad,Gujarat,380001,Office Supplies,Supplies,Rubber Band Box,1434.96,10,,61.71,High,3,8,2023,4.3
49,IN-2022-10048,2022-07-13,2022-07-15,First Class,Rohit Yadav,Corporate,Jaipur,Rajasthan,302001,Office Supplies,Art,Sketch Pad A3,2053.75,7,0.0,139.98,Medium,2,7,2022,6.82
50,IN-2022-10049,2022-03-11,2022-03-12,Same Day,Divya Nair,Corporate,Lucknow,Uttar Pradesh,226001,Furniture,Storage,Storage Box Set,3893.47,6,,1527.41,Critical,1,3,2022,39.23
51,IN-2022-10050,2022-08-08,2022-08-14,Standard Class,Sanjay Gupta,Consumer,Surat,Gujarat,395001,Technology,Accessories,Keyboard Bluetooth,10794.15,11,0.05,960.12,Low,6,8,2022,8.89
52,IN-2023-10051,2023-05-23,2023-05-28,Standard Class,Rekha Verma,Consumer,Nagpur,Maharashtra,440001,Furniture,Storage,Locker Unit,6241.12,9,0.15,-120.9,High,5,5,2023,-1.94
53,IN-2022-10052,2022-08-01,2022-08-06,Standard Class,Manoj Tiwari,Consumer,Indore,Madhya Pradesh,452001,Office Supplies,Art,Sketch Pad A3,1010.63,10,0.3,-127.6,Critical,5,8,2022,-12.63
54,IN-2023-10053,2023-01-08,2023-01-11,First Class,Geeta Sharma,Home Office,Bhopal,Madhya Pradesh,462001,Furniture,Bookcases,Metal Bookcase 3-Shelf,15956.12,9,0.1,3712.38,Low,3,1,2023,23.27
55,IN-2023-10054,2023-01-08,2023-01-09,Same Day,Vinod Patel,Corporate,Patna,Bihar,800001,Technology,Phones,OnePlus Nord,436619.58,12,0.0,29247.83,Critical,1,1,2023,6.7
56,IN-2022-10055,2022-05-25,2022-05-28,Second Class,Anita Desai,Consumer,Vadodara,Gujarat,390001,Office Supplies,Paper,Coloured Paper Pack,2116.6,12,0.3,830.59,High,3,5,2022,39.24
57,IN-2023-10056,2023-03-26,2023-03-27,Same Day,Prakash Rao,Consumer,Ludhiana,Punjab,141001,Technology,Copiers,Xerox WorkCenter,973302.28,13,0.2,362447.99,Low,1,3,2023,37.24
58,IN-2022-10057,2022-10-09,2022-10-11,First Class,Usha Mehta,Home Office,Agra,Uttar Pradesh,282001,Technology,Phones,Samsung Galaxy Tab,128543.13,7,0.15,14680.08,Low,2,10,2022,11.42
59,IN-2023-10058,2023-06-02,2023-06-03,Same Day,Sunil Joshi,Consumer,Nashik,Maharashtra,422001,Technology,Phones,Samsung Galaxy Tab,21996.98,1,0.05,,High,1,6,2023,
60,IN-2022-10059,2022-03-26,2022-03-29,First Class,Leela Iyer,Home Office,Coimbatore,Tamil Nadu,641001,Technology,Accessories,Keyboard Bluetooth,6706.25,5,0.15,1786.51,Low,3,3,2022,26.64
61,IN-2022-10060,2022-03-13,2022-03-13,Same Day,Ravi Sharma,Consumer,Mumbai,Maharashtra,400001,Furniture,Storage,Storage Box Set,1511.72,4,0.15,287.18,High,0,3,2022,19.0
62,IN-2023-10061,2023-02-05,2023-02-09,Second Class,Priya Patel,Corporate,Delhi,Delhi,110001,Office Supplies,Fasteners,Stapler Heavy Duty,551.76,11,0.2,210.99,Medium,4,2,2023,38.24
63,IN-2022-10062,2022-11-02,2022-11-03,Same Day,Arjun Singh,Consumer,,Karnataka,560001,Office Supplies,Art,Watercolour Set,5508.56,14,0.0,-413.12,Medium,1,11,2022,-7.5
64,IN-2022-10063,2022-04-16,2022-04-16,Same Day,,Corporate,Chennai,Tamil Nadu,600001,Office Supplies,Envelopes,Brown Envelopes,191.07,2,0.1,53.69,Medium,0,4,2022,28.1
65,IN-2022-10064,2022-02-22,2022-02-26,Second Class,Kiran Rao,Corporate,Hyderabad,Telangana,500001,Technology,Accessories,Webcam HD,1427.23,1,0.0,146.33,Medium,4,2,2022,10.25
66,IN-2022-10065,2022-12-26,2022-12-27,Same Day,Deepak Joshi,Consumer,Pune,Maharashtra,411001,Office Supplies,Envelopes,Brown Envelopes,990.28,9,0.1,69.48,Critical,1,12,2022,7.02
67,IN-2023-10066,2023-04-11,2023-04-17,Standard Class,Anjali Gupta,Consumer,Kolkata,West Bengal,700001,Technology,Machines,Brother Printer,344204.45,13,0.1,-9253.25,Low,6,4,2023,-2.69
68,IN-2022-10067,2022-03-14,2022-03-18,Second Class,Vikram Nair,Consumer,Ahmedabad,Gujarat,380001,Furniture,Chairs,Ergonomic Chair Pro,7722.92,9,0.2,-611.57,Low,4,3,2022,-7.92
69,IN-2023-10068,2023-09-17,2023-09-22,Standard Class,Pooja Verma,Corporate,Jaipur,Rajasthan,302001,Office Supplies,Supplies,Rubber Band Box,3111.99,11,0.0,7.1,Critical,5,9,2023,0.23
70,IN-2022-10069,2022-01-07,2022-01-09,First Class,Rahul Kulkarni,Consumer,Lucknow,Uttar Pradesh,226001,Furniture,Tables,Executive Desk,19709.71,7,0.15,-2280.65,Critical,2,1,2022,-11.57
71,IN-2023-10070,2023-04-30,2023-05-06,Standard Class,Meera Iyer,Home Office,Surat,Gujarat,395001,Office Supplies,Supplies,Correction Fluid,325.15,2,0.1,-5.41,High,6,4,2023,-1.66
72,IN-2022-10071,2022-08-21,2022-08-24,Second Class,Suresh Reddy,Consumer,Nagpur,Maharashtra,440001,Furniture,Tables,Folding Table,25531.2,12,,2825.88,High,3,8,2022,11.07
73,IN-2023-10072,2023-11-23,2023-11-29,Standard Class,Neha Tiwari,Consumer,Indore,Madhya Pradesh,452001,Office Supplies,Fasteners,Binder Clips Set,632.07,8,0.1,36.87,Medium,6,11,2023,5.83
74,IN-2023-10073,2023-05-18,2023-05-22,Second Class,Amit Kumar,Corporate,Bhopal,Madhya Pradesh,462001,Furniture,Bookcases,Wooden Bookcase 5-Shelf,12890.84,6,0.0,-1211.99,Medium,4,5,2023,-9.4
75,IN-2022-10074,2022-11-18,2022-11-21,First Class,,Consumer,Patna,Bihar,800001,Furniture,Chairs,Recliner Chair,3748.59,3,0.05,1463.11,Medium,3,11,2022,39.03
76,IN-2023-10075,2023-12-16,2023-12-20,Second Class,Rajesh Shah,Home Office,Vadodara,Gujarat,390001,Technology,Accessories,Wireless Mouse,1211.26,1,0.15,365.16,High,4,12,2023,30.15
77,IN-2023-10076,2023-07-13,2023-07-18,Standard Class,Kavita Mishra,Consumer,Ludhiana,Punjab,141001,Technology,Phones,iPhone 14,182773.72,10,0.05,23611.75,Critical,5,7,2023,12.92
78,IN-2022-10077,2022-01-10,2022-01-13,Second Class,Arun Pandey,Corporate,,Uttar Pradesh,282001,Furniture,Storage,Document Tray,9938.48,11,0.05,1755.49,Medium,3,1,2022,17.66
79,IN-2023-10078,2023-07-04,2023-07-09,Standard Class,Rohit Yadav,Consumer,Nashik,Maharashtra,422001,Technology,Phones,Motorola G84,25744.88,2,0.0,-3823.35,High,5,7,2023,-14.85
80,IN-2023-10079,2023-08-11,2023-08-16,Standard Class,Divya Nair,Corporate,Coimbatore,Tamil Nadu,641001,Furniture,Storage,Document Tray,11697.83,12,0.0,2947.59,Medium,5,8,2023,25.2
81,IN-2022-10080,2022-06-14,2022-06-16,First Class,Sanjay Gupta,Consumer,Mumbai,Maharashtra,400001,Office Supplies,Fasteners,Paper Clips Box,744.7,8,0.15,215.77,Low,2,6,2022,28.97
82,IN-2023-10081,2023-11-22,2023-11-22,Same Day,Rekha Verma,Consumer,Delhi,Delhi,110001,Office Supplies,Fasteners,Paper Clips Box,971.82,13,0.15,95.79,Medium,0,11,2023,9.86
83,IN-2022-10082,2022-04-14,2022-04-19,Standard Class,Manoj Tiwari,Consumer,Bangalore,Karnataka,560001,Office Supplies,Supplies,Correction Fluid,1374.48,9,0.05,195.89,Critical,5,4,2022,14.25
84,IN-2023-10083,2023-04-23,2023-04-28,Standard Class,Geeta Sharma,Corporate,Chennai,Tamil Nadu,600001,Office Supplies,Envelopes,Brown Envelopes,312.68,3,0.0,89.65,Low,5,4,2023,28.67
85,IN-2023-10084,2023-06-06,2023-06-09,Second Class,Vinod Patel,Corporate,Hyderabad,Telangana,500001,Technology,Phones,Samsung Galaxy Tab,190161.73,13,0.15,-25017.14,Medium,3,6,2023,-13.16
86,IN-2022-10085,2022-06-06,2022-06-06,Same Day,Anita Desai,Home Office,Pune,Maharashtra,411001,Furniture,Storage,Locker Unit,2192.54,4,0.1,276.83,Low,0,6,2022,12.63
87,IN-2022-10086,2022-01-11,2022-01-17,Standard Class,Prakash Rao,Consumer,Kolkata,West Bengal,700001,Technology,Machines,Brother Printer,63151.07,3,0.1,-726.9,Critical,6,1,2022,-1.15
88,IN-2023-10087,2023-09-15,2023-09-19,Second Class,Usha Mehta,Home Office,Ahmedabad,Gujarat,380001,Office Supplies,Supplies,Sticky Notes Pack,2886.13,10,0.0,497.65,Medium,4,9,2023,17.24
89,IN-2022-10088,2022-02-20,2022-02-22,First Class,Sunil Joshi,Home Office,Jaipur,Rajasthan,302001,Technology,Copiers,Xerox WorkCenter,201671.87,8,0.15,55295.54,Medium,2,2,2022,27.42
90,IN-2022-10089,2022-01-01,2022-01-04,Second Class,Leela Iyer,Consumer,Lucknow,Uttar Pradesh,226001,Technology,Machines,Brother Printer,7592.16,1,0.3,2364.15,High,3,1,2022,31.14
91,IN-2023-10090,2023-07-29,2023-08-02,Second Class,Ravi Sharma,Consumer,Surat,Gujarat,395001,Furniture,Storage,Locker Unit,7342.74,9,0.0,2080.08,Low,4,7,2023,28.33
92,IN-2022-10091,2022-06-28,2022-07-01,First Class,Priya Patel,Corporate,Nagpur,Maharashtra,440001,Technology,Accessories,Keyboard Bluetooth,2113.43,2,0.25,365.39,Critical,3,6,2022,17.29
93,IN-2023-10092,2023-04-14,2023-04-17,Second Class,Arjun Singh,Consumer,Indore,Madhya Pradesh,452001,Office Supplies,Fasteners,Paper Clips Box,428.62,8,0.15,1.15,Critical,3,4,2023,0.27
94,IN-2022-10093,2022-05-21,2022-05-24,First Class,Sneha Mehta,Consumer,Bhopal,Madhya Pradesh,462001,Technology,Phones,Motorola G84,182180.15,6,0.1,-8844.01,Low,3,5,2022,-4.85
95,IN-2022-10094,2022-01-18,2022-01-18,Same Day,Kiran Rao,Corporate,Patna,Bihar,800001,Furniture,Bookcases,Metal Bookcase 3-Shelf,17526.4,14,0.0,1921.54,High,0,1,2022,10.96
96,IN-2022-10095,2022-09-21,2022-09-21,Same Day,Deepak Joshi,Corporate,Vadodara,Gujarat,390001,Office Supplies,Paper,Coloured Paper Pack,5073.7,12,0.1,1374.7,Low,0,9,2022,27.09
97,IN-2022-10096,2022-06-27,2022-06-27,Same Day,Anjali Gupta,Consumer,Ludhiana,Punjab,141001,Technology,Accessories,Wireless Mouse,4768.85,3,0.05,-648.74,Critical,0,6,2022,-13.6
98,IN-2023-10097,2023-08-02,2023-08-04,First Class,Vikram Nair,Corporate,Agra,Uttar Pradesh,282001,Furniture,Bookcases,Metal Bookcase 3-Shelf,16039.02,7,0.0,-1487.46,Low,2,8,2023,-9.27
99,IN-2022-10098,2022-06-14,2022-06-15,Same Day,Pooja Verma,Corporate,Nashik,Maharashtra,422001,Furniture,Tables,Study Desk,25601.03,8,0.2,7849.81,Critical,1,6,2022,30.66
100,IN-2023-10099,2023-07-02,2023-07-07,Standard Class,Rahul Kulkarni,Consumer,Coimbatore,Tamil Nadu,641001,Furniture,Tables,Study Desk,17078.31,10,0.0,-2312.53,High,5,7,2023,-13.54
101,IN-2023-10100,2023-06-16,2023-06-18,First Class,Meera Iyer,Consumer,Mumbai,Maharashtra,400001,Technology,Machines,HP LaserJet Pro,50095.05,4,0.2,2488.85,Critical,2,6,2023,4.97
102,IN-2023-10101,2023-12-15,2023-12-16,Same Day,Suresh Reddy,Consumer,Delhi,Delhi,110001,Technology,Phones,iPhone 14,,5,0.25,18680.04,Low,1,12,2023,
103,IN-2022-10102,2022-12-25,2022-12-30,Standard Class,Neha Tiwari,Consumer,Bangalore,Karnataka,560001,Technology,Copiers,Xerox WorkCenter,59235.58,2,0.0,8760.87,Low,5,12,2022,14.79
104,IN-2022-10103,2022-05-08,2022-05-11,Second Class,Amit Kumar,Consumer,Chennai,Tamil Nadu,600001,Technology,Copiers,Ricoh Copier,789150.25,10,0.15,178151.55,Medium,3,5,2022,22.58
105,IN-2022-10104,2022-01-27,2022-01-30,Second Class,Sunita Desai,Home Office,Hyderabad,Telangana,500001,Office Supplies,Paper,A4 Paper Ream 500,2247.07,5,0.2,-81.95,Medium,3,1,2022,-3.65
106,IN-2023-10105,2023-12-03,2023-12-09,Standard Class,Rajesh Shah,Consumer,Pune,Maharashtra,411001,Office Supplies,Paper,A4 Paper Ream 500,3862.95,9,0.1,1201.22,Critical,6,12,2023,31.1
107,IN-2022-10106,2022-10-23,2022-10-28,Standard Class,Kavita Mishra,Consumer,Kolkata,West Bengal,700001,Office Supplies,Fasteners,Stapler Heavy Duty,38.21,1,0.1,-0.58,High,5,10,2022,-1.52
108,IN-2022-10107,2022-10-16,2022-10-22,Standard Class,Arun Pandey,Consumer,Ahmedabad,Gujarat,380001,Office Supplies,Supplies,Sticky Notes Pack,952.82,6,0.15,348.02,Critical,6,10,2022,36.53
109,IN-2023-10108,2023-03-26,2023-03-31,Standard Class,Rohit Yadav,Consumer,Jaipur,Rajasthan,302001,Furniture,Bookcases,Metal Bookcase 3-Shelf,20545.46,11,0.3,-1334.02,Medium,5,3,2023,-6.49
110,IN-2022-10109,2022-08-17,2022-08-20,First Class,Divya Nair,Consumer,Lucknow,Uttar Pradesh,226001,Office Supplies,Binders,A4 Binder Pack,3592.23,13,0.05,-52.01,Medium,3,8,2022,-1.45
111,IN-2023-10110,2023-07-23,2023-07-28,Standard Class,Sanjay Gupta,Corporate,Surat,Gujarat,395001,Furniture,Tables,Executive Desk,6078.11,3,0.2,2304.54,Medium,5,7,2023,37.92
112,IN-2023-10111,2023-04-11,2023-04-11,Same Day,Rekha Verma,Corporate,Nagpur,Maharashtra,440001,Furniture,Bookcases,Metal Bookcase 3-Shelf,10537.95,5,0.15,2112.62,Low,0,4,2023,20.05
113,IN-2022-10112,2022-03-27,2022-03-30,First Class,Manoj Tiwari,Corporate,Indore,Madhya Pradesh,452001,Office Supplies,Binders,A4 Binder Pack,982.98,10,0.15,352.78,Medium,3,3,2022,35.89
114,IN-2023-10113,2023-02-06,2023-02-09,Second Class,Geeta Sharma,Consumer,Bhopal,Madhya Pradesh,462001,Furniture,Chairs,Recliner Chair,11749.94,8,0.25,1302.1,Critical,3,2,2023,11.08
115,IN-2022-10114,2022-12-30,2023-01-02,Second Class,,Home Office,Patna,Bihar,800001,Furniture,Bookcases,Metal Bookcase 3-Shelf,18039.3,12,0.2,2555.19,High,3,12,2022,14.16
116,IN-2023-10115,2023-03-26,2023-03-26,Same Day,Anita Desai,Consumer,Vadodara,Gujarat,390001,Office Supplies,Art,Sketch Pad A3,3285.59,9,0.1,278.45,Medium,0,3,2023,8.47
117,IN-2022-10116,2022-01-29,2022-02-01,First Class,Prakash Rao,Consumer,Ludhiana,Punjab,141001,Technology,Machines,Brother Printer,193294.16,13,0.25,55925.95,Medium,3,1,2022,28.93
118,IN-2022-10117,2022-12-06,2022-12-08,First Class,Usha Mehta,Consumer,Agra,Uttar Pradesh,282001,Furniture,Furnishings,Office Cabinet,4518.34,8,0.05,-449.87,High,2,12,2022,-9.96
119,IN-2023-10118,2023-12-06,2023-12-11,Standard Class,Sunil Joshi,Corporate,Nashik,Maharashtra,422001,Furniture,Storage,Document Tray,3894.5,8,0.0,-83.79,Critical,5,12,2023,-2.15
120,IN-2023-10119,2023-01-15,2023-01-21,Standard Class,Leela Iyer,Home Office,Coimbatore,Tamil Nadu,641001,Office Supplies,Binders,A4 Binder Pack,776.15,8,0.3,224.23,High,6,1,2023,28.89
121,IN-2023-10120,2023-10-22,2023-10-24,First Class,Ravi Sharma,Home Office,Mumbai,Maharashtra,400001,Technology,Copiers,Canon IR Series,1010318.68,14,0.0,399220.1,Critical,2,10,2023,39.51
122,IN-2023-10121,2023-06-01,2023-06-04,Second Class,Priya Patel,Corporate,Delhi,Delhi,110001,Office Supplies,Art,Sketch Pad A3,1490.55,10,0.05,-193.47,High,3,6,2023,-12.98
123,IN-2022-10122,2022-03-03,2022-03-06,Second Class,Arjun Singh,Corporate,Bangalore,Karnataka,560001,Furniture,Chairs,Recliner Chair,7970.67,4,0.0,541.47,Medium,3,3,2022,6.79
124,IN-2022-10123,2022-09-24,2022-09-29,Standard Class,Sneha Mehta,Consumer,Chennai,Tamil Nadu,600001,Technology,Accessories,USB Hub 7-Port,,8,,5041.53,Medium,5,9,2022,
125,IN-2022-10124,2022-09-18,2022-09-18,Same Day,Kiran Rao,Consumer,Hyderabad,Telangana,500001,Furniture,Storage,Storage Box Set,2323.37,3,0.2,685.94,Low,0,9,2022,29.52
126,IN-2023-10125,2023-11-19,2023-11-24,Standard Class,Deepak Joshi,Consumer,Pune,Maharashtra,411001,Office Supplies,Supplies,Rubber Band Box,1874.19,8,0.0,267.88,Critical,5,11,2023,14.29
127,IN-2022-10126,2022-02-09,2022-02-09,Same Day,Anjali Gupta,Home Office,Kolkata,West Bengal,700001,Technology,Accessories,Webcam HD,16480.04,13,0.1,5002.92,Critical,0,2,2022,30.36
128,IN-2022-10127,2022-06-19,2022-06-25,Standard Class,Vikram Nair,Home Office,Ahmedabad,Gujarat,380001,Office Supplies,Envelopes,Padded Envelopes,1691.32,11,0.15,524.91,Low,6,6,2022,31.04
129,IN-2023-10128,2023-11-03,2023-11-06,Second Class,Pooja Verma,Corporate,Jaipur,Rajasthan,302001,Technology,Machines,HP LaserJet Pro,288727.66,11,0.1,96287.59,Medium,3,11,2023,33.35
130,IN-2022-10129,2022-02-15,2022-02-15,Same Day,,Consumer,Lucknow,Uttar Pradesh,226001,Technology,Accessories,Webcam HD,3560.5,2,0.1,-521.57,Low,0,2,2022,-14.65
131,IN-2023-10130,2023-03-31,2023-04-03,First Class,,Home Office,Surat,Gujarat,395001,Office Supplies,Supplies,Rubber Band Box,825.21,12,0.2,-65.48,Medium,3,3,2023,-7.93
132,IN-2022-10131,2022-11-20,2022-11-20,Same Day,Suresh Reddy,Consumer,Nagpur,Maharashtra,440001,Technology,Copiers,Canon IR Series,978969.16,14,0.15,-53290.76,Medium,0,11,2022,-5.44
133,IN-2023-10132,2023-12-05,2023-12-08,Second Class,Neha Tiwari,Consumer,Indore,Madhya Pradesh,452001,Technology,Phones,iPhone 14,107129.75,6,0.1,,Medium,3,12,2023,
134,IN-2023-10133,2023-04-04,2023-04-07,First Class,Amit Kumar,Home Office,Bhopal,Madhya Pradesh,462001,Office Supplies,Envelopes,Padded Envelopes,714.49,12,0.0,20.0,Critical,3,4,2023,2.8
135,IN-2022-10134,2022-06-06,2022-06-08,First Class,Sunita Desai,Consumer,Patna,Bihar,800001,Furniture,Tables,Conference Table,10563.31,4,0.1,-633.87,Low,2,6,2022,-6.0
136,IN-2022-10135,2022-01-21,2022-01-21,Same Day,Rajesh Shah,Consumer,Vadodara,Gujarat,390001,Furniture,Furnishings,Filing Cabinet,4588.69,11,0.3,-307.07,Low,0,1,2022,-6.69
137,IN-2022-10136,2022-06-11,2022-06-14,Second Class,Kavita Mishra,Consumer,Ludhiana,Punjab,141001,Office Supplies,Fasteners,Stapler Heavy Duty,639.6,9,0.05,16.89,High,3,6,2022,2.64
138,IN-2022-10137,2022-11-05,2022-11-11,Standard Class,Arun Pandey,Consumer,Agra,Uttar Pradesh,282001,Technology,Copiers,Ricoh Copier,,12,0.3,-25006.72,Low,6,11,2022,
139,IN-2023-10138,2023-07-12,2023-07-15,Second Class,Rohit Yadav,Corporate,Nashik,Maharashtra,422001,Technology,Copiers,Canon IR Series,256108.33,3,0.0,90024.59,High,3,7,2023,35.15
140,IN-2023-10139,2023-12-27,2023-12-28,Same Day,Divya Nair,Consumer,Coimbatore,Tamil Nadu,641001,Furniture,Chairs,Mesh Task Chair,,12,0.1,-256.88,High,1,12,2023,
141,IN-2023-10140,2023-08-30,2023-09-03,Second Class,Sanjay Gupta,Consumer,Mumbai,Maharashtra,400001,Office Supplies,Envelopes,Padded Envelopes,57.67,1,0.0,3.8,High,4,8,2023,6.59
142,IN-2022-10141,2022-02-15,2022-02-21,Standard Class,Rekha Verma,Consumer,Delhi,Delhi,110001,Office Supplies,Binders,Lever Arch Files,937.15,9,0.1,-86.49,Critical,6,2,2022,-9.23
143,IN-2023-10142,2023-08-12,2023-08-18,Standard Class,Manoj Tiwari,Consumer,Bangalore,Karnataka,560001,Office Supplies,Labels,Mailing Labels,943.4,10,0.25,-103.94,Low,6,8,2023,-11.02
144,IN-2022-10143,2022-11-13,2022-11-18,Standard Class,Geeta Sharma,Consumer,Chennai,Tamil Nadu,600001,Furniture,Tables,Folding Table,42821.12,10,0.0,-2478.68,Critical,5,11,2022,-5.79
145,IN-2022-10144,2022-11-14,2022-11-17,Second Class,Vinod Patel,Home Office,Hyderabad,Telangana,500001,Office Supplies,Binders,Ring Binder,,9,0.2,518.12,Critical,3,11,2022,
146,IN-2022-10145,2022-01-14,2022-01-14,Same Day,Anita Desai,Home Office,Pune,Maharashtra,411001,Furniture,Furnishings,Filing Cabinet,9499.04,10,0.1,-1211.94,Medium,0,1,2022,-12.76
147,IN-2023-10146,2023-09-23,2023-09-23,Same Day,Prakash Rao,Corporate,Kolkata,West Bengal,700001,Office Supplies,Labels,Mailing Labels,1225.37,9,0.0,473.88,Low,0,9,2023,38.67
148,IN-2023-10147,2023-12-15,2023-12-17,First Class,Usha Mehta,Corporate,Ahmedabad,Gujarat,380001,Office Supplies,Paper,Coloured Paper Pack,1069.25,2,0.05,158.64,High,2,12,2023,14.84
149,IN-2023-10148,2023-05-31,2023-06-01,Same Day,Sunil Joshi,Corporate,Jaipur,Rajasthan,302001,Furniture,Chairs,Recliner Chair,6811.04,12,,536.36,Critical,1,5,2023,7.87
150,IN-2023-10149,2023-08-01,2023-08-04,Second Class,Leela Iyer,Consumer,Lucknow,Uttar Pradesh,226001,Technology,Copiers,Ricoh Copier,58506.93,1,0.1,-7830.16,Critical,3,8,2023,-13.38
151,IN-2022-10150,2022-01-21,2022-01-24,Second Class,Ravi Sharma,Home Office,Surat,Gujarat,395001,Office Supplies,Paper,Tracing Paper,1035.35,3,0.05,63.28,Critical,3,1,2022,6.11
152,IN-2023-10151,2023-07-07,2023-07-13,Standard Class,Priya Patel,Consumer,Nagpur,Maharashtra,440001,Technology,Copiers,Ricoh Copier,489060.41,7,0.05,64525.83,Low,6,7,2023,13.19
153,IN-2022-10152,2022-01-28,2022-02-03,Standard Class,Arjun Singh,Consumer,Indore,Madhya Pradesh,452001,Office Supplies,Fasteners,Stapler Heavy Duty,851.72,9,0.0,177.73,Low,6,1,2022,20.87
154,IN-2023-10153,2023-12-08,2023-12-11,First Class,Sneha Mehta,Home Office,Bhopal,Madhya Pradesh,462001,Furniture,Chairs,Gaming Chair,6287.05,12,0.3,626.09,Medium,3,12,2023,9.96
155,IN-2023-10154,2023-07-30,2023-08-05,Standard Class,,Consumer,Patna,Bihar,800001,Office Supplies,Paper,Coloured Paper Pack,3984.11,9,0.0,754.71,Low,6,7,2023,18.94
156,IN-2023-10155,2023-01-02,2023-01-02,Same Day,Deepak Joshi,Consumer,,Gujarat,390001,Furniture,Storage,Locker Unit,2822.55,5,0.15,671.66,Critical,0,1,2023,23.8
157,IN-2022-10156,2022-04-29,2022-05-04,Standard Class,Anjali Gupta,Corporate,Ludhiana,Punjab,141001,Office Supplies,Labels,Address Labels,606.88,14,0.1,221.59,Low,5,4,2022,36.51
158,IN-2022-10157,2022-09-08,2022-09-11,Second Class,Vikram Nair,Consumer,,Uttar Pradesh,282001,Technology,Phones,Samsung Galaxy Tab,22343.19,1,0.15,1531.81,Critical,3,9,2022,6.86
159,IN-2022-10158,2022-05-31,2022-06-01,Same Day,Pooja Verma,Consumer,Nashik,Maharashtra,422001,Furniture,Storage,Storage Box Set,3826.7,7,0.1,454.86,Medium,1,5,2022,11.89
160,IN-2022-10159,2022-12-18,2022-12-19,Same Day,Rahul Kulkarni,Consumer,Coimbatore,Tamil Nadu,641001,Furniture,Tables,Folding Table,32124.6,12,0.3,-3159.6,Low,1,12,2022,-9.84
161,IN-2023-10160,2023-06-22,2023-06-26,Second Class,Meera Iyer,Home Office,Mumbai,Maharashtra,400001,Furniture,Tables,Conference Table,32738.43,7,0.05,-4595.37,Low,4,6,2023,-14.04
162,IN-2022-10161,2022-02-22,2022-02-23,Same Day,Suresh Reddy,Home Office,Delhi,Delhi,110001,Technology,Machines,Canon Scanner,178197.4,9,0.15,-5591.6,Medium,1,2,2022,-3.14
163,IN-2023-10162,2023-08-08,2023-08-13,Standard Class,Neha Tiwari,Corporate,,Karnataka,560001,Furniture,Furnishings,Filing Cabinet,1699.47,2,0.05,554.95,Critical,5,8,2023,32.65
164,IN-2023-10163,2023-02-01,2023-02-04,Second Class,Amit Kumar,Corporate,Chennai,Tamil Nadu,600001,Office Supplies,Labels,Address Labels,1215.25,13,0.25,110.58,Medium,3,2,2023,9.1
165,IN-2023-10164,2023-12-12,2023-12-12,Same Day,Sunita Desai,Consumer,Hyderabad,Telangana,500001,Technology,Phones,Motorola G84,352816.88,14,0.0,10063.12,Medium,0,12,2023,2.85
166,IN-2023-10165,2023-09-14,2023-09-17,First Class,Rajesh Shah,Corporate,Pune,Maharashtra,411001,Office Supplies,Binders,A4 Binder Pack,239.72,1,0.05,-34.02,High,3,9,2023,-14.19
167,IN-2023-10166,2023-10-27,2023-11-02,Standard Class,Kavita Mishra,Corporate,Kolkata,West Bengal,700001,Office Supplies,Envelopes,Padded Envelopes,1544.1,10,0.2,544.8,Medium,6,10,2023,35.28
168,IN-2022-10167,2022-01-21,2022-01-23,First Class,Arun Pandey,Consumer,Ahmedabad,Gujarat,380001,Office Supplies,Supplies,Sticky Notes Pack,2193.09,11,0.2,537.24,High,2,1,2022,24.5
169,IN-2022-10168,2022-11-30,2022-12-05,Standard Class,Rohit Yadav,Consumer,Jaipur,Rajasthan,302001,Technology,Phones,Motorola G84,240910.9,9,0.05,-10013.52,Medium,5,11,2022,-4.16
170,IN-2023-10169,2023-10-20,2023-10-21,Same Day,Divya Nair,Corporate,Lucknow,Uttar Pradesh,226001,Office Supplies,Fasteners,Stapler Heavy Duty,1255.09,13,0.1,26.63,Medium,1,10,2023,2.12
171,IN-2022-10170,2022-11-08,2022-11-10,First Class,Sanjay Gupta,Consumer,Surat,Gujarat,395001,Office Supplies,Binders,Lever Arch Files,1216.78,11,0.2,352.72,High,2,11,2022,28.99
172,IN-2022-10171,2022-05-21,2022-05-23,First Class,Rekha Verma,Corporate,Nagpur,Maharashtra,440001,Furniture,Furnishings,Filing Cabinet,7209.76,7,0.05,1006.3,High,2,5,2022,13.96
173,IN-2023-10172,2023-08-07,2023-08-13,Standard Class,Manoj Tiwari,Corporate,Indore,Madhya Pradesh,452001,Office Supplies,Labels,Mailing Labels,584.11,10,0.1,,Medium,6,8,2023,
174,IN-2023-10173,2023-11-07,2023-11-11,Second Class,Geeta Sharma,Consumer,Bhopal,Madhya Pradesh,462001,Furniture,Storage,Document Tray,6629.35,8,,1439.58,High,4,11,2023,21.72
175,IN-2023-10174,2023-10-17,2023-10-20,Second Class,Vinod Patel,Consumer,Patna,Bihar,800001,Office Supplies,Supplies,Correction Fluid,733.75,3,0.1,105.99,Critical,3,10,2023,14.44
176,IN-2022-10175,2022-09-20,2022-09-20,Same Day,Anita Desai,Corporate,Vadodara,Gujarat,390001,Office Supplies,Paper,A4 Paper Ream 500,7718.04,14,0.0,-555.88,High,0,9,2022,-7.2
177,IN-2022-10176,2022-08-06,2022-08-09,First Class,Prakash Rao,Corporate,Ludhiana,Punjab,141001,Office Supplies,Art,Drawing Kit,2452.45,9,0.3,-194.68,Critical,3,8,2022,-7.94
178,IN-2023-10177,2023-12-09,2023-12-12,Second Class,Usha Mehta,Corporate,Agra,Uttar Pradesh,282001,Furniture,Furnishings,Office Cabinet,841.87,1,0.05,43.63,Low,3,12,2023,5.18
179,IN-2022-10178,2022-02-27,2022-02-27,Same Day,Sunil Joshi,Corporate,Nashik,Maharashtra,422001,Furniture,Storage,Locker Unit,2138.52,5,0.1,479.18,Low,0,2,2022,22.41
180,IN-2023-10179,2023-03-18,2023-03-19,Same Day,Leela Iyer,Consumer,Coimbatore,Tamil Nadu,641001,Furniture,Furnishings,Filing Cabinet,4345.23,6,0.15,460.0,Medium,1,3,2023,10.59
181,IN-2023-10180,2023-10-19,2023-10-20,Same Day,Ravi Sharma,Home Office,Mumbai,Maharashtra,400001,Office Supplies,Supplies,Correction Fluid,1398.17,7,0.0,136.61,Critical,1,10,2023,9.77
182,IN-2022-10181,2022-09-05,2022-09-06,Same Day,Priya Patel,Corporate,Delhi,Delhi,110001,Technology,Copiers,Ricoh Copier,333311.96,13,0.3,-46325.53,Critical,1,9,2022,-13.9
183,IN-2023-10182,2023-07-04,2023-07-05,Same Day,Arjun Singh,Consumer,Bangalore,Karnataka,560001,Office Supplies,Labels,Address Labels,263.29,6,0.15,-21.0,Critical,1,7,2023,-7.98
184,IN-2023-10183,2023-03-25,2023-03-30,Standard Class,Sneha Mehta,Corporate,Chennai,Tamil Nadu,600001,Furniture,Chairs,Recliner Chair,1998.82,2,0.05,80.91,Low,5,3,2023,4.05
185,IN-2022-10184,2022-04-11,2022-04-15,Second Class,Kiran Rao,Home Office,Hyderabad,Telangana,500001,Furniture,Tables,Executive Desk,4884.67,2,0.25,602.43,Critical,4,4,2022,12.33
186,IN-2022-10185,2022-03-08,2022-03-12,Second Class,Deepak Joshi,Consumer,Pune,Maharashtra,411001,Technology,Accessories,Wireless Mouse,2800.37,2,0.15,400.07,Medium,4,3,2022,14.29
187,IN-2022-10186,2022-09-23,2022-09-23,Same Day,Anjali Gupta,Consumer,Kolkata,West Bengal,,Technology,Machines,HP LaserJet Pro,30977.73,3,0.15,1250.1,Medium,0,9,2022,4.04
188,IN-2023-10187,2023-04-28,2023-04-28,Same Day,Vikram Nair,Corporate,Ahmedabad,Gujarat,380001,Office Supplies,Binders,Ring Binder,1596.93,14,0.2,488.87,High,0,4,2023,30.61
189,IN-2022-10188,2022-05-08,2022-05-09,Same Day,Pooja Verma,Home Office,Jaipur,Rajasthan,302001,Office Supplies,Paper,A4 Paper Ream 500,966.6,2,0.0,-102.48,Critical,1,5,2022,-10.6
190,IN-2022-10189,2022-03-01,2022-03-04,Second Class,Rahul Kulkarni,Corporate,Lucknow,Uttar Pradesh,226001,Technology,Copiers,Ricoh Copier,416611.93,13,0.1,-12989.54,Medium,3,3,2022,-3.12
191,IN-2023-10190,2023-04-08,2023-04-10,First Class,Meera Iyer,Consumer,Surat,Gujarat,395001,Furniture,Bookcases,Metal Bookcase 3-Shelf,11676.52,10,0.1,3092.4,Critical,2,4,2023,26.48
192,IN-2022-10191,2022-09-17,2022-09-18,Same Day,Suresh Reddy,Consumer,,Maharashtra,440001,Furniture,Storage,Storage Box Set,5980.3,12,0.0,1379.59,Low,1,9,2022,23.07
193,IN-2023-10192,2023-04-30,2023-05-04,Second Class,Neha Tiwari,Home Office,Indore,Madhya Pradesh,,Technology,Machines,Canon Scanner,41320.39,4,0.15,,High,4,4,2023,
194,IN-2023-10193,2023-05-25,2023-05-28,Second Class,Amit Kumar,Consumer,Bhopal,Madhya Pradesh,,Office Supplies,Envelopes,Brown Envelopes,1017.59,11,0.2,257.95,Low,3,5,2023,25.35
195,IN-2022-10194,2022-08-01,2022-08-07,Standard Class,Sunita Desai,Consumer,Patna,Bihar,800001,Office Supplies,Fasteners,Binder Clips Set,517.13,5,0.0,74.68,Low,6,8,2022,14.44
196,IN-2022-10195,2022-11-04,2022-11-07,First Class,Rajesh Shah,Consumer,Vadodara,Gujarat,390001,Technology,Accessories,USB Hub 7-Port,8633.46,13,0.05,-32.65,High,3,11,2022,-0.38
197,IN-2023-10196,2023-02-26,2023-03-04,Standard Class,Kavita Mishra,Consumer,Ludhiana,Punjab,141001,Office Supplies,Labels,Address Labels,232.21,4,0.15,68.71,Critical,6,2,2023,29.59
198,IN-2022-10197,2022-04-07,2022-04-08,Same Day,Arun Pandey,Corporate,Agra,Uttar Pradesh,282001,Technology,Phones,Motorola G84,21213.52,1,0.25,6255.57,Low,1,4,2022,29.49
199,IN-2022-10198,2022-06-22,2022-06-24,First Class,Rohit Yadav,Home Office,Nashik,Maharashtra,422001,Furniture,Storage,Locker Unit,4226.52,7,0.2,846.02,Low,2,6,2022,20.02
200,IN-2023-10199,2023-02-12,2023-02-17,Standard Class,Divya Nair,Consumer,Coimbatore,Tamil Nadu,641001,Technology,Machines,HP LaserJet Pro,74401.08,8,0.0,18152.22,High,5,2,2023,24.4
201,IN-2023-10200,2023-05-14,2023-05-17,First Class,Sanjay Gupta,Consumer,Mumbai,Maharashtra,400001,Technology,Phones,Motorola G84,160807.97,10,0.3,61736.19,High,3,5,2023,38.39
202,IN-2022-10201,2022-08-08,2022-08-08,Same Day,Rekha Verma,Consumer,Delhi,Delhi,110001,Office Supplies,Art,Sketch Pad A3,2491.04,6,0.0,-344.96,Critical,0,8,2022,-13.85
203,IN-2023-10202,2023-09-09,2023-09-09,Same Day,Manoj Tiwari,Consumer,Bangalore,Karnataka,560001,Technology,Phones,Samsung Galaxy Tab,57036.92,2,0.0,-543.14,Medium,0,9,2023,-0.95
204,IN-2023-10203,2023-11-24,2023-11-28,Second Class,Geeta Sharma,Home Office,Chennai,Tamil Nadu,600001,Office Supplies,Supplies,Rubber Band Box,2565.22,10,0.0,997.83,Low,4,11,2023,38.9
205,IN-2023-10204,2023-05-03,2023-05-08,Standard Class,Vinod Patel,Corporate,Hyderabad,Telangana,500001,Technology,Copiers,Ricoh Copier,342638.62,11,0.0,61398.23,Low,5,5,2023,17.92
206,IN-2022-10205,2022-05-02,2022-05-06,Second Class,Anita Desai,Corporate,Pune,Maharashtra,,Office Supplies,Paper,Coloured Paper Pack,1359.9,4,0.0,-56.29,Low,4,5,2022,-4.14
207,IN-2022-10206,2022-08-26,2022-08-29,Second Class,Prakash Rao,Consumer,Kolkata,West Bengal,700001,Technology,Copiers,Xerox WorkCenter,147594.19,2,0.0,57284.04,Critical,3,8,2022,38.81
208,IN-2023-10207,2023-03-12,2023-03-17,Standard Class,Usha Mehta,Consumer,Ahmedabad,Gujarat,380001,Furniture,Bookcases,Wooden Bookcase 5-Shelf,,6,0.15,-926.95,High,5,3,2023,
209,IN-2022-10208,2022-01-19,2022-01-21,First Class,Sunil Joshi,Home Office,Jaipur,Rajasthan,302001,Office Supplies,Supplies,Correction Fluid,1086.07,6,0.1,140.75,Medium,2,1,2022,12.96
210,IN-2022-10209,2022-09-18,2022-09-23,Standard Class,Leela Iyer,Corporate,Lucknow,Uttar Pradesh,226001,Technology,Machines,HP LaserJet Pro,53358.96,5,0.1,-7729.98,Critical,5,9,2022,-14.49
211,IN-2022-10210,2022-03-07,2022-03-09,First Class,Ravi Sharma,Home Office,Surat,Gujarat,395001,Furniture,Tables,Folding Table,23555.87,11,0.15,7027.07,High,2,3,2022,29.83
212,IN-2023-10211,2023-02-22,2023-02-25,Second Class,Priya Patel,Consumer,Nagpur,Maharashtra,440001,Office Supplies,Labels,Address Labels,1241.87,10,0.0,323.08,Low,3,2,2023,26.02
213,IN-2022-10212,2022-05-12,2022-05-15,First Class,Arjun Singh,Consumer,Indore,Madhya Pradesh,452001,Furniture,Bookcases,Wooden Bookcase 5-Shelf,11692.1,7,0.1,-951.82,Low,3,5,2022,-8.14
214,IN-2022-10213,2022-07-07,2022-07-10,Second Class,Sneha Mehta,Corporate,Bhopal,Madhya Pradesh,462001,Furniture,Tables,Conference Table,14715.74,6,0.15,-2181.31,Medium,3,7,2022,-14.82
215,IN-2023-10214,2023-06-20,2023-06-21,Same Day,Kiran Rao,Consumer,Patna,Bihar,800001,Office Supplies,Supplies,Correction Fluid,3363.58,14,0.0,-87.48,Critical,1,6,2023,-2.6
216,IN-2022-10215,2022-11-10,2022-11-11,Same Day,Deepak Joshi,Corporate,Vadodara,Gujarat,390001,Office Supplies,Labels,Colour Dot Labels,110.74,1,0.0,25.74,Medium,1,11,2022,23.24
217,IN-2023-10216,2023-09-20,2023-09-23,Second Class,Anjali Gupta,Consumer,Ludhiana,Punjab,,Technology,Machines,Canon Scanner,143074.44,13,0.05,12692.23,High,3,9,2023,8.87
218,IN-2022-10217,2022-02-16,2022-02-16,Same Day,Vikram Nair,Corporate,Agra,Uttar Pradesh,282001,Office Supplies,Envelopes,Padded Envelopes,1189.44,12,0.0,238.67,Critical,0,2,2022,20.07
219,IN-2022-10218,2022-02-19,2022-02-24,Standard Class,Pooja Verma,Corporate,Nashik,Maharashtra,422001,Technology,Copiers,Canon IR Series,435801.26,7,0.1,-21152.95,Medium,5,2,2022,-4.85
220,IN-2023-10219,2023-08-04,2023-08-06,First Class,Rahul Kulkarni,Consumer,Coimbatore,Tamil Nadu,641001,Furniture,Storage,Document Tray,806.93,1,0.15,-96.13,Medium,2,8,2023,-11.91
221,IN-2023-10220,2023-10-03,2023-10-06,First Class,Meera Iyer,Consumer,Mumbai,Maharashtra,400001,Office Supplies,Art,Sketch Pad A3,1773.75,5,0.1,-217.44,Medium,3,10,2023,-12.26
222,IN-2023-10221,2023-12-26,2024-01-01,Standard Class,Suresh Reddy,Corporate,Delhi,Delhi,110001,Technology,Accessories,Wireless Mouse,9607.76,12,0.05,3434.22,Critical,6,12,2023,35.74
223,IN-2023-10222,2023-09-10,2023-09-10,Same Day,Neha Tiwari,Consumer,Bangalore,Karnataka,560001,Furniture,Furnishings,Pedestal Unit,1525.03,3,0.15,588.9,Medium,0,9,2023,38.62
224,IN-2023-10223,2023-06-03,2023-06-07,Second Class,Amit Kumar,Corporate,Chennai,Tamil Nadu,600001,Furniture,Storage,Locker Unit,2614.26,4,0.1,105.24,Low,4,6,2023,4.03
225,IN-2022-10224,2022-05-22,2022-05-22,Same Day,Sunita Desai,Home Office,Hyderabad,Telangana,500001,Furniture,Bookcases,Metal Bookcase 3-Shelf,12299.78,8,0.25,-1491.45,Critical,0,5,2022,-12.13
226,IN-2023-10225,2023-01-19,2023-01-25,Standard Class,Rajesh Shah,Consumer,Pune,Maharashtra,411001,Technology,Phones,OnePlus Nord,99846.41,7,0.1,10500.13,Low,6,1,2023,10.52
227,IN-2023-10226,2023-10-26,2023-10-31,Standard Class,Kavita Mishra,Consumer,Kolkata,West Bengal,700001,Furniture,Tables,Conference Table,11619.06,4,0.0,2626.66,Low,5,10,2023,22.61
228,IN-2023-10227,2023-07-31,2023-08-04,Second Class,Arun Pandey,Consumer,,Gujarat,380001,Office Supplies,Envelopes,Padded Envelopes,994.95,7,0.1,-104.52,Medium,4,7,2023,-10.51
229,IN-2023-10228,2023-08-11,2023-08-14,First Class,Rohit Yadav,Consumer,Jaipur,Rajasthan,,Technology,Copiers,Xerox WorkCenter,56039.2,2,0.2,5777.04,Medium,3,8,2023,10.31
230,IN-2023-10229,2023-06-16,2023-06-19,First Class,Divya Nair,Corporate,Lucknow,Uttar Pradesh,226001,Furniture,Bookcases,Metal Bookcase 3-Shelf,2428.18,3,0.15,-95.31,Low,3,6,2023,-3.93
231,IN-2023-10230,2023-01-16,2023-01-19,Second Class,Sanjay Gupta,Consumer,Surat,Gujarat,395001,Technology,Accessories,Keyboard Bluetooth,5674.81,8,0.15,-346.78,High,3,1,2023,-6.11
232,IN-2022-10231,2022-08-15,2022-08-21,Standard Class,Rekha Verma,Corporate,Nagpur,Maharashtra,440001,Technology,Phones,OnePlus Nord,22068.94,2,0.1,7725.7,Medium,6,8,2022,35.01
233,IN-2023-10232,2023-05-23,2023-05-27,Second Class,Manoj Tiwari,Consumer,Indore,Madhya Pradesh,452001,Office Supplies,Envelopes,Window Envelopes,1291.2,11,0.3,-48.97,Critical,4,5,2023,-3.79
234,IN-2023-10233,2023-01-22,2023-01-22,Same Day,Geeta Sharma,Corporate,Bhopal,Madhya Pradesh,462001,Furniture,Chairs,Recliner Chair,18585.86,14,0.0,4325.76,Medium,0,1,2023,23.27
235,IN-2023-10234,2023-09-05,2023-09-06,Same Day,Vinod Patel,Home Office,Patna,Bihar,,Furniture,Chairs,Gaming Chair,577.67,1,0.05,146.12,High,1,9,2023,25.29
236,IN-2023-10235,2023-06-17,2023-06-20,First Class,Anita Desai,Corporate,Vadodara,Gujarat,390001,Technology,Machines,Canon Scanner,208638.47,9,0.1,79683.13,Low,3,6,2023,38.19
237,IN-2023-10236,2023-10-28,2023-11-03,Standard Class,Prakash Rao,Corporate,Ludhiana,Punjab,141001,Furniture,Tables,Study Desk,21824.44,11,0.0,3445.33,Critical,6,10,2023,15.79
238,IN-2023-10237,2023-01-30,2023-01-31,Same Day,Usha Mehta,Consumer,Agra,Uttar Pradesh,282001,Technology,Copiers,Xerox WorkCenter,704477.84,9,0.1,169521.0,Low,1,1,2023,24.06
239,IN-2022-10238,2022-08-06,2022-08-12,Standard Class,Sunil Joshi,Home Office,Nashik,Maharashtra,422001,Office Supplies,Art,Sketch Pad A3,2497.57,6,0.05,-135.95,Critical,6,8,2022,-5.44
240,IN-2023-10239,2023-10-24,2023-10-24,Same Day,Leela Iyer,Corporate,Coimbatore,Tamil Nadu,,Office Supplies,Paper,A4 Paper Ream 500,1155.63,3,0.15,240.52,Critical,0,10,2023,20.81
241,IN-2022-10240,2022-09-05,2022-09-08,First Class,Ravi Sharma,Home Office,Mumbai,Maharashtra,400001,Office Supplies,Supplies,Sticky Notes Pack,231.34,3,0.15,-21.17,Critical,3,9,2022,-9.15
242,IN-2022-10241,2022-05-23,2022-05-26,Second Class,Priya Patel,Corporate,Delhi,Delhi,,Furniture,Furnishings,Office Cabinet,3323.23,8,0.0,123.65,Low,3,5,2022,3.72
243,IN-2022-10242,2022-07-26,2022-07-29,First Class,Arjun Singh,Consumer,Bangalore,Karnataka,560001,Technology,Phones,iPhone 14,114669.54,4,0.2,31113.93,Critical,3,7,2022,27.13
244,IN-2023-10243,2023-12-03,2023-12-03,Same Day,Sneha Mehta,Corporate,Chennai,Tamil Nadu,600001,Technology,Machines,Brother Printer,112832.54,11,0.05,11643.99,Low,0,12,2023,10.32
245,IN-2022-10244,2022-03-24,2022-03-27,First Class,Kiran Rao,Consumer,Hyderabad,Telangana,500001,Technology,Machines,Canon Scanner,7911.57,1,0.15,2808.15,Medium,3,3,2022,35.49
246,IN-2023-10245,2023-09-25,2023-09-26,Same Day,Deepak Joshi,Home Office,Pune,Maharashtra,411001,Technology,Phones,Motorola G84,133230.83,4,0.1,20990.74,High,1,9,2023,15.76
247,IN-2022-10246,2022-03-30,2022-04-05,Standard Class,Anjali Gupta,Corporate,,West Bengal,700001,Office Supplies,Fasteners,Paper Clips Box,534.96,13,0.0,-66.67,Critical,6,3,2022,-12.46
248,IN-2023-10247,2023-09-29,2023-10-03,Second Class,Vikram Nair,Corporate,Ahmedabad,Gujarat,380001,Furniture,Bookcases,Metal Bookcase 3-Shelf,29867.96,14,0.0,9930.55,Low,4,9,2023,33.25
249,IN-2023-10248,2023-05-09,2023-05-12,First Class,Pooja Verma,Consumer,Jaipur,Rajasthan,302001,Technology,Machines,Brother Printer,344553.13,13,0.0,29648.94,Critical,3,5,2023,8.61
250,IN-2022-10249,2022-02-04,2022-02-09,Standard Class,Rahul Kulkarni,Corporate,Lucknow,Uttar Pradesh,226001,Office Supplies,Labels,Mailing Labels,241.6,3,0.15,33.55,Critical,5,2,2022,13.89
251,IN-2023-10250,2023-10-21,2023-10-24,First Class,Meera Iyer,Consumer,Surat,Gujarat,395001,Technology,Copiers,Xerox WorkCenter,392288.64,7,0.05,34924.59,High,3,10,2023,8.9
252,IN-2023-10251,2023-06-24,2023-06-27,First Class,Suresh Reddy,Consumer,,Maharashtra,440001,Furniture,Storage,Locker Unit,3600.71,6,0.15,-69.9,Critical,3,6,2023,-1.94
253,IN-2022-10252,2022-09-19,2022-09-22,First Class,Neha Tiwari,Consumer,Indore,Madhya Pradesh,452001,Office Supplies,Fasteners,Binder Clips Set,605.6,8,0.15,77.79,Medium,3,9,2022,12.85
254,IN-2023-10253,2023-09-13,2023-09-18,Standard Class,Amit Kumar,Consumer,Bhopal,Madhya Pradesh,462001,Office Supplies,Labels,Address Labels,1399.97,10,0.0,151.62,Low,5,9,2023,10.83
255,IN-2023-10254,2023-02-08,2023-02-09,Same Day,Sunita Desai,Corporate,Patna,Bihar,800001,Office Supplies,Art,Watercolour Set,3466.56,13,0.2,-425.61,High,1,2,2023,-12.28
256,IN-2023-10255,2023-07-07,2023-07-07,Same Day,Rajesh Shah,Consumer,Vadodara,Gujarat,390001,Office Supplies,Art,Watercolour Set,3959.86,14,0.0,11.1,Low,0,7,2023,0.28
257,IN-2023-10256,2023-07-11,2023-07-13,First Class,Kavita Mishra,Consumer,Ludhiana,Punjab,141001,Furniture,Chairs,Recliner Chair,19923.87,13,0.0,1949.12,Medium,2,7,2023,9.78
258,IN-2022-10257,2022-09-07,2022-09-09,First Class,Arun Pandey,Consumer,Agra,Uttar Pradesh,282001,Office Supplies,Art,Watercolour Set,4431.75,13,0.05,1343.2,Critical,2,9,2022,30.31
259,IN-2022-10258,2022-11-20,2022-11-24,Second Class,Rohit Yadav,Consumer,Nashik,Maharashtra,422001,Office Supplies,Supplies,Rubber Band Box,3421.48,13,0.0,1126.96,Medium,4,11,2022,32.94
260,IN-2022-10259,2022-02-10,2022-02-12,First Class,Divya Nair,Home Office,Coimbatore,Tamil Nadu,641001,Office Supplies,Art,Drawing Kit,3040.65,12,0.25,,High,2,2,2022,
261,IN-2023-10260,2023-01-12,2023-01-15,Second Class,Sanjay Gupta,Consumer,Mumbai,Maharashtra,400001,Office Supplies,Paper,Coloured Paper Pack,1591.73,3,,318.11,Low,3,1,2023,19.99
262,IN-2022-10261,2022-09-25,2022-09-28,Second Class,Rekha Verma,Home Office,Delhi,Delhi,110001,Office Supplies,Envelopes,Padded Envelopes,211.71,2,0.2,83.67,Low,3,9,2022,39.52
263,IN-2022-10262,2022-10-21,2022-10-22,Same Day,Manoj Tiwari,Consumer,Bangalore,Karnataka,560001,Furniture,Tables,Conference Table,21544.41,5,0.0,2297.37,Low,1,10,2022,10.66
264,IN-2023-10263,2023-03-27,2023-03-27,Same Day,Geeta Sharma,Consumer,Chennai,Tamil Nadu,600001,Technology,Copiers,Canon IR Series,590668.94,13,0.05,167715.62,Critical,0,3,2023,28.39
265,IN-2023-10264,2023-01-15,2023-01-18,Second Class,Vinod Patel,Home Office,Hyderabad,Telangana,500001,Technology,Machines,Brother Printer,220931.87,8,0.0,11826.21,Critical,3,1,2023,5.35
266,IN-2023-10265,2023-10-31,2023-11-01,Same Day,Anita Desai,Corporate,Pune,Maharashtra,411001,Office Supplies,Labels,Mailing Labels,321.44,7,0.2,12.93,High,1,10,2023,4.02
267,IN-2023-10266,2023-11-19,2023-11-25,Standard Class,Prakash Rao,Corporate,Kolkata,West Bengal,700001,Office Supplies,Envelopes,Brown Envelopes,1201.61,11,0.05,267.26,Critical,6,11,2023,22.24
268,IN-2023-10267,2023-07-11,2023-07-14,First Class,Usha Mehta,Corporate,Ahmedabad,Gujarat,380001,Office Supplies,Supplies,Correction Fluid,3821.45,13,0.0,1481.19,High,3,7,2023,38.76
269,IN-2023-10268,2023-06-26,2023-06-29,First Class,Sunil Joshi,Consumer,Jaipur,Rajasthan,302001,Furniture,Bookcases,Metal Bookcase 3-Shelf,13042.19,11,0.0,3468.15,Low,3,6,2023,26.59
270,IN-2022-10269,2022-03-18,2022-03-23,Standard Class,Leela Iyer,Home Office,Lucknow,Uttar Pradesh,226001,Furniture,Tables,Executive Desk,14755.51,5,0.05,5860.47,Low,5,3,2022,39.72
271,IN-2023-10270,2023-01-14,2023-01-19,Standard Class,Ravi Sharma,Home Office,Surat,Gujarat,395001,Office Supplies,Art,Sketch Pad A3,1774.22,4,0.1,253.26,Medium,5,1,2023,14.27
272,IN-2022-10271,2022-12-25,2022-12-26,Same Day,Priya Patel,Consumer,Nagpur,Maharashtra,440001,Furniture,Storage,Locker Unit,3054.31,10,0.05,-4.17,High,1,12,2022,-0.14
273,IN-2022-10272,2022-04-14,2022-04-20,Standard Class,Arjun Singh,Consumer,Indore,Madhya Pradesh,452001,Office Supplies,Art,Drawing Kit,4275.7,13,0.1,303.48,High,6,4,2022,7.1
274,IN-2022-10273,2022-03-05,2022-03-08,Second Class,Sneha Mehta,Corporate,Bhopal,Madhya Pradesh,462001,Office Supplies,Art,Drawing Kit,773.1,5,0.2,186.31,High,3,3,2022,24.1
275,IN-2022-10274,2022-07-03,2022-07-09,Standard Class,Kiran Rao,Home Office,Patna,Bihar,800001,Office Supplies,Art,Drawing Kit,1567.47,12,0.15,238.46,Low,6,7,2022,15.21
276,IN-2023-10275,2023-11-26,2023-11-30,Second Class,Deepak Joshi,Consumer,Vadodara,Gujarat,390001,Furniture,Chairs,Recliner Chair,3895.74,3,0.0,1032.53,High,4,11,2023,26.5
277,IN-2022-10276,2022-03-23,2022-03-26,First Class,Anjali Gupta,Consumer,Ludhiana,Punjab,141001,Office Supplies,Fasteners,Stapler Heavy Duty,802.05,11,0.1,134.35,Low,3,3,2022,16.75
278,IN-2022-10277,2022-12-03,2022-12-08,Standard Class,Vikram Nair,Home Office,Agra,Uttar Pradesh,282001,Technology,Copiers,Canon IR Series,566991.91,13,0.3,-66502.84,Low,5,12,2022,-11.73
279,IN-2023-10278,2023-04-25,2023-04-26,Same Day,Pooja Verma,Consumer,Nashik,Maharashtra,422001,Furniture,Bookcases,Wooden Bookcase 5-Shelf,8741.4,5,0.1,3142.62,Medium,1,4,2023,35.95
280,IN-2023-10279,2023-07-01,2023-07-07,Standard Class,Rahul Kulkarni,Corporate,Coimbatore,Tamil Nadu,641001,Office Supplies,Fasteners,Binder Clips Set,827.36,10,0.1,,Critical,6,7,2023,
281,IN-2022-10280,2022-03-06,2022-03-09,First Class,Meera Iyer,Corporate,Mumbai,Maharashtra,400001,Technology,Machines,Brother Printer,36830.94,2,0.2,,High,3,3,2022,
282,IN-2023-10281,2023-07-01,2023-07-07,Standard Class,Suresh Reddy,Home Office,Delhi,Delhi,110001,Office Supplies,Art,Watercolour Set,,8,0.2,901.4,Critical,6,7,2023,
283,IN-2022-10282,2022-07-07,2022-07-09,First Class,Neha Tiwari,Consumer,Bangalore,Karnataka,560001,Office Supplies,Paper,Coloured Paper Pack,5719.97,14,0.05,-650.33,Critical,2,7,2022,-11.37
284,IN-2023-10283,2023-01-15,2023-01-19,Second Class,Amit Kumar,Home Office,Chennai,Tamil Nadu,600001,Furniture,Storage,Locker Unit,8467.73,11,0.15,-744.21,Medium,4,1,2023,-8.79
285,IN-2023-10284,2023-09-24,2023-09-25,Same Day,Sunita Desai,Consumer,Hyderabad,Telangana,500001,Furniture,Tables,Conference Table,19704.37,8,0.0,89.7,High,1,9,2023,0.46
286,IN-2022-10285,2022-11-09,2022-11-11,First Class,Rajesh Shah,Consumer,Pune,Maharashtra,411001,Furniture,Storage,Locker Unit,675.27,1,0.0,-88.79,Low,2,11,2022,-13.15
287,IN-2022-10286,2022-01-14,2022-01-15,Same Day,Kavita Mishra,Consumer,Kolkata,West Bengal,700001,Technology,Machines,Canon Scanner,203898.82,14,0.2,31616.87,Critical,1,1,2022,15.51
288,IN-2022-10287,2022-01-12,2022-01-12,Same Day,Arun Pandey,Corporate,Ahmedabad,Gujarat,380001,Technology,Copiers,Canon IR Series,411340.82,6,0.0,145711.49,Medium,0,1,2022,35.42
289,IN-2022-10288,2022-06-03,2022-06-09,Standard Class,Rohit Yadav,Consumer,Jaipur,Rajasthan,,Technology,Copiers,Ricoh Copier,496912.0,11,0.05,-46455.54,Medium,6,6,2022,-9.35
290,IN-2023-10289,2023-10-13,2023-10-18,Standard Class,Divya Nair,Consumer,Lucknow,Uttar Pradesh,226001,Office Supplies,Supplies,Rubber Band Box,678.6,8,0.0,174.74,Critical,5,10,2023,25.75
291,IN-2022-10290,2022-07-17,2022-07-20,First Class,Sanjay Gupta,Consumer,Surat,Gujarat,395001,Furniture,Bookcases,Metal Bookcase 3-Shelf,,12,0.25,6884.73,Low,3,7,2022,
292,IN-2022-10291,2022-06-24,2022-06-24,Same Day,Rekha Verma,Home Office,Nagpur,Maharashtra,440001,Office Supplies,Binders,Lever Arch Files,1584.89,7,0.05,313.79,High,0,6,2022,19.8
293,IN-2023-10292,2023-06-17,2023-06-21,Second Class,Manoj Tiwari,Consumer,Indore,Madhya Pradesh,452001,Technology,Phones,Samsung Galaxy Tab,173868.91,8,0.3,41102.14,Low,4,6,2023,23.64
294,IN-2023-10293,2023-05-11,2023-05-14,First Class,Geeta Sharma,Corporate,Bhopal,Madhya Pradesh,462001,Office Supplies,Paper,A4 Paper Ream 500,2276.33,5,0.05,,High,3,5,2023,
295,IN-2023-10294,2023-06-12,2023-06-14,First Class,Vinod Patel,Corporate,Patna,Bihar,800001,Technology,Phones,Motorola G84,207641.77,7,0.05,62749.12,Medium,2,6,2023,30.22
296,IN-2022-10295,2022-09-20,2022-09-21,Same Day,Anita Desai,Corporate,Vadodara,Gujarat,390001,Office Supplies,Fasteners,Paper Clips Box,345.61,4,0.1,4.29,Critical,1,9,2022,1.24
297,IN-2022-10296,2022-08-15,2022-08-15,Same Day,Prakash Rao,Corporate,Ludhiana,Punjab,141001,Furniture,Furnishings,Office Cabinet,11902.63,12,0.0,4042.35,High,0,8,2022,33.96
298,IN-2023-10297,2023-02-02,2023-02-06,Second Class,Usha Mehta,Consumer,,Uttar Pradesh,282001,Furniture,Tables,Conference Table,17947.11,12,0.15,-304.4,Critical,4,2,2023,-1.7
299,IN-2022-10298,2022-07-07,2022-07-08,Same Day,Sunil Joshi,Consumer,Nashik,Maharashtra,422001,Office Supplies,Fasteners,Paper Clips Box,1062.74,12,0.0,111.86,Medium,1,7,2022,10.53
300,IN-2023-10299,2023-11-30,2023-12-05,Standard Class,Leela Iyer,Corporate,Coimbatore,Tamil Nadu,641001,Furniture,Furnishings,Pedestal Unit,573.42,1,0.3,-46.42,Medium,5,11,2023,-8.1
301,IN-2023-10300,2023-12-21,2023-12-21,Same Day,Ravi Sharma,Home Office,Mumbai,Maharashtra,400001,Furniture,Storage,Storage Box Set,812.1,1,0.0,164.87,Critical,0,12,2023,20.3
302,IN-2023-10301,2023-04-01,2023-04-06,Standard Class,Priya Patel,Corporate,Delhi,Delhi,110001,Office Supplies,Labels,Colour Dot Labels,106.92,3,0.2,30.02,Critical,5,4,2023,28.08
303,IN-2022-10302,2022-08-06,2022-08-07,Same Day,Arjun Singh,Consumer,Bangalore,Karnataka,560001,Furniture,Bookcases,Wooden Bookcase 5-Shelf,23204.37,9,0.1,2561.08,High,1,8,2022,11.04
304,IN-2023-10303,2023-07-25,2023-07-31,Standard Class,Sneha Mehta,Home Office,Chennai,Tamil Nadu,600001,Technology,Phones,Motorola G84,70562.86,4,0.3,-7650.23,Low,6,7,2023,-10.84
305,IN-2022-10304,2022-03-09,2022-03-09,Same Day,Kiran Rao,Consumer,Hyderabad,Telangana,500001,Furniture,Tables,Conference Table,25345.29,10,0.0,,Critical,0,3,2022,
306,IN-2023-10305,2023-11-17,2023-11-20,First Class,Deepak Joshi,Consumer,Pune,Maharashtra,411001,Office Supplies,Binders,A4 Binder Pack,666.68,4,,97.57,Low,3,11,2023,14.64
307,IN-2023-10306,2023-07-27,2023-07-31,Second Class,Anjali Gupta,Corporate,Kolkata,West Bengal,700001,Technology,Copiers,Xerox WorkCenter,326129.82,11,0.05,5235.75,High,4,7,2023,1.61
308,IN-2023-10307,2023-06-04,2023-06-08,Second Class,Vikram Nair,Corporate,Ahmedabad,Gujarat,,Furniture,Tables,Folding Table,18441.98,10,0.1,2922.7,Low,4,6,2023,15.85
309,IN-2023-10308,2023-08-03,2023-08-08,Standard Class,Pooja Verma,Home Office,Jaipur,Rajasthan,302001,Office Supplies,Binders,Ring Binder,3054.81,13,0.05,649.19,Critical,5,8,2023,21.25
310,IN-2022-10309,2022-11-07,2022-11-10,First Class,Rahul Kulkarni,Consumer,Lucknow,Uttar Pradesh,226001,Office Supplies,Envelopes,Window Envelopes,1932.19,14,0.0,174.57,High,3,11,2022,9.03
311,IN-2023-10310,2023-03-26,2023-04-01,Standard Class,Meera Iyer,Corporate,Surat,Gujarat,395001,Technology,Copiers,Canon IR Series,910344.95,13,0.25,344178.29,Critical,6,3,2023,37.81
312,IN-2022-10311,2022-04-03,2022-04-04,Same Day,Suresh Reddy,Corporate,Nagpur,Maharashtra,440001,Furniture,Furnishings,Pedestal Unit,11025.99,14,0.15,-667.24,Medium,1,4,2022,-6.05
313,IN-2022-10312,2022-11-18,2022-11-18,Same Day,Neha Tiwari,Corporate,Indore,Madhya Pradesh,452001,Technology,Copiers,Xerox WorkCenter,,12,0.0,225996.51,Medium,0,11,2022,
314,IN-2023-10313,2023-03-14,2023-03-15,Same Day,Amit Kumar,Corporate,Bhopal,Madhya Pradesh,462001,Furniture,Storage,Locker Unit,,9,0.2,-614.59,Low,1,3,2023,
315,IN-2023-10314,2023-11-06,2023-11-11,Standard Class,,Home Office,Patna,Bihar,800001,Technology,Phones,Motorola G84,265453.68,9,,17480.66,Medium,5,11,2023,6.59
316,IN-2022-10315,2022-04-24,2022-04-27,Second Class,Rajesh Shah,Home Office,Vadodara,Gujarat,390001,Office Supplies,Fasteners,Paper Clips Box,236.21,2,0.05,39.12,Critical,3,4,2022,16.56
317,IN-2022-10316,2022-10-05,2022-10-11,Standard Class,Kavita Mishra,Consumer,Ludhiana,Punjab,141001,Technology,Copiers,Canon IR Series,,10,0.15,-18211.2,Low,6,10,2022,
318,IN-2022-10317,2022-04-19,2022-04-22,First Class,Arun Pandey,Corporate,Agra,Uttar Pradesh,282001,Furniture,Furnishings,Office Cabinet,8955.57,11,0.05,264.07,High,3,4,2022,2.95
319,IN-2023-10318,2023-09-20,2023-09-22,First Class,Rohit Yadav,Consumer,Nashik,Maharashtra,422001,Technology,Accessories,Webcam HD,5565.4,5,0.15,623.24,Medium,2,9,2023,11.2
320,IN-2023-10319,2023-02-25,2023-02-28,Second Class,Divya Nair,Corporate,Coimbatore,Tamil Nadu,641001,Furniture,Bookcases,Metal Bookcase 3-Shelf,5738.47,7,0.1,289.19,High,3,2,2023,5.04
321,IN-2022-10320,2022-10-17,2022-10-17,Same Day,Sanjay Gupta,Consumer,Mumbai,Maharashtra,400001,Technology,Copiers,Canon IR Series,887601.68,13,0.15,38993.61,High,0,10,2022,4.39
322,IN-2023-10321,2023-12-01,2023-12-07,Standard Class,Rekha Verma,Consumer,Delhi,Delhi,110001,Furniture,Furnishings,Pedestal Unit,4989.58,13,0.0,1352.43,Low,6,12,2023,27.11
323,IN-2022-10322,2022-02-07,2022-02-10,Second Class,Manoj Tiwari,Consumer,Bangalore,Karnataka,560001,Office Supplies,Supplies,Sticky Notes Pack,491.22,6,0.05,164.81,High,3,2,2022,33.55
324,IN-2022-10323,2022-07-25,2022-07-25,Same Day,Geeta Sharma,Corporate,Chennai,Tamil Nadu,600001,Office Supplies,Art,Watercolour Set,2013.02,7,0.2,603.73,High,0,7,2022,29.99
325,IN-2022-10324,2022-09-29,2022-09-29,Same Day,Vinod Patel,Consumer,Hyderabad,Telangana,,Technology,Accessories,Webcam HD,5873.79,7,0.15,871.43,Low,0,9,2022,14.84
326,IN-2023-10325,2023-05-20,2023-05-23,Second Class,Anita Desai,Consumer,Pune,Maharashtra,411001,Technology,Copiers,Canon IR Series,,2,0.1,,Medium,3,5,2023,
327,IN-2022-10326,2022-03-22,2022-03-24,First Class,Prakash Rao,Corporate,Kolkata,West Bengal,700001,Furniture,Chairs,Recliner Chair,,5,0.15,1391.94,Critical,2,3,2022,
328,IN-2023-10327,2023-02-22,2023-02-27,Standard Class,Usha Mehta,Consumer,Ahmedabad,Gujarat,380001,Furniture,Bookcases,Metal Bookcase 3-Shelf,1103.59,1,0.0,350.68,Low,5,2,2023,31.78
329,IN-2022-10328,2022-07-11,2022-07-16,Standard Class,Sunil Joshi,Consumer,Jaipur,Rajasthan,302001,Furniture,Furnishings,Office Cabinet,1165.32,3,0.15,255.3,High,5,7,2022,21.91
330,IN-2022-10329,2022-09-27,2022-10-01,Second Class,Leela Iyer,Consumer,Lucknow,Uttar Pradesh,226001,Office Supplies,Labels,Address Labels,35.78,1,0.2,-5.14,Low,4,9,2022,-14.37
331,IN-2023-10330,2023-03-29,2023-04-03,Standard Class,Ravi Sharma,Consumer,Surat,Gujarat,395001,Furniture,Bookcases,Wooden Bookcase 5-Shelf,6386.52,3,0.1,941.4,Low,5,3,2023,14.74
332,IN-2023-10331,2023-03-04,2023-03-06,First Class,Priya Patel,Consumer,Nagpur,Maharashtra,440001,Furniture,Bookcases,Wooden Bookcase 5-Shelf,12765.42,12,0.2,3763.69,Critical,2,3,2023,29.48
333,IN-2023-10332,2023-08-18,2023-08-18,Same Day,Arjun Singh,Consumer,Indore,Madhya Pradesh,452001,Technology,Phones,Samsung Galaxy Tab,124290.96,8,0.1,20440.93,High,0,8,2023,16.45
334,IN-2022-10333,2022-04-07,2022-04-07,Same Day,Sneha Mehta,Consumer,Bhopal,Madhya Pradesh,462001,Office Supplies,Labels,Mailing Labels,41.93,1,0.05,-1.87,Low,0,4,2022,-4.46
335,IN-2023-10334,2023-03-26,2023-04-01,Standard Class,,Corporate,Patna,Bihar,800001,Office Supplies,Fasteners,Stapler Heavy Duty,57.68,1,0.05,13.09,High,6,3,2023,22.69
336,IN-2023-10335,2023-04-22,2023-04-23,Same Day,Deepak Joshi,Consumer,Vadodara,Gujarat,390001,Technology,Phones,Motorola G84,181824.85,6,0.0,50828.73,Medium,1,4,2023,27.95
337,IN-2023-10336,2023-07-24,2023-07-27,Second Class,Anjali Gupta,Home Office,,Punjab,141001,Furniture,Tables,Conference Table,11674.78,9,0.1,4522.9,Medium,3,7,2023,38.74
338,IN-2022-10337,2022-04-08,2022-04-10,First Class,Vikram Nair,Home Office,Agra,Uttar Pradesh,282001,Office Supplies,Paper,Coloured Paper Pack,1665.44,4,0.05,114.39,High,2,4,2022,6.87
339,IN-2022-10338,2022-01-20,2022-01-22,First Class,,Corporate,,Maharashtra,422001,Office Supplies,Paper,Coloured Paper Pack,1553.73,6,0.1,-85.98,Medium,2,1,2022,-5.53
340,IN-2022-10339,2022-03-14,2022-03-16,First Class,Rahul Kulkarni,Consumer,Coimbatore,Tamil Nadu,641001,Office Supplies,Envelopes,Brown Envelopes,189.01,2,0.0,71.97,High,2,3,2022,38.08
341,IN-2022-10340,2022-03-20,2022-03-25,Standard Class,Meera Iyer,Corporate,Mumbai,Maharashtra,400001,Office Supplies,Envelopes,Brown Envelopes,675.49,12,0.0,-57.83,Medium,5,3,2022,-8.56
342,IN-2022-10341,2022-10-28,2022-11-03,Standard Class,Suresh Reddy,Corporate,Delhi,Delhi,110001,Technology,Machines,Canon Scanner,124855.21,6,0.05,-15261.19,Low,6,10,2022,-12.22
343,IN-2022-10342,2022-06-25,2022-06-26,Same Day,Neha Tiwari,Home Office,Bangalore,Karnataka,560001,Office Supplies,Envelopes,Padded Envelopes,907.69,10,0.2,-42.03,Medium,1,6,2022,-4.63
344,IN-2023-10343,2023-08-28,2023-08-30,First Class,Amit Kumar,Consumer,Chennai,Tamil Nadu,600001,Furniture,Tables,Study Desk,12282.55,4,0.25,1089.6,Critical,2,8,2023,8.87
345,IN-2023-10344,2023-01-04,2023-01-04,Same Day,Sunita Desai,Corporate,Hyderabad,Telangana,500001,Furniture,Furnishings,Office Cabinet,10163.11,11,0.0,,High,0,1,2023,
346,IN-2022-10345,2022-03-02,2022-03-03,Same Day,Rajesh Shah,Home Office,Pune,Maharashtra,411001,Office Supplies,Supplies,Sticky Notes Pack,130.31,1,0.0,-1.8,High,1,3,2022,-1.38
347,IN-2023-10346,2023-03-19,2023-03-21,First Class,Kavita Mishra,Corporate,Kolkata,West Bengal,700001,Office Supplies,Envelopes,Window Envelopes,2161.76,14,0.2,632.96,Critical,2,3,2023,29.28
348,IN-2023-10347,2023-12-22,2023-12-25,Second Class,Arun Pandey,Corporate,Ahmedabad,Gujarat,380001,Furniture,Tables,Folding Table,1618.46,1,0.3,16.71,Medium,3,12,2023,1.03
349,IN-2023-10348,2023-03-21,2023-03-22,Same Day,Rohit Yadav,Consumer,Jaipur,Rajasthan,302001,Technology,Machines,HP LaserJet Pro,157041.57,12,0.2,34008.09,High,1,3,2023,21.66
350,IN-2023-10349,2023-05-27,2023-05-29,First Class,Divya Nair,Consumer,Lucknow,Uttar Pradesh,226001,Office Supplies,Paper,Coloured Paper Pack,2937.29,12,0.15,236.93,Medium,2,5,2023,8.07
351,IN-2022-10350,2022-05-01,2022-05-03,First Class,Sanjay Gupta,Corporate,Surat,Gujarat,395001,Furniture,Storage,Locker Unit,1802.3,6,,8.24,Medium,2,5,2022,0.46
352,IN-2023-10351,2023-08-19,2023-08-24,Standard Class,Rekha Verma,Home Office,Nagpur,Maharashtra,440001,Furniture,Storage,Storage Box Set,351.62,1,0.15,117.77,High,5,8,2023,33.49
353,IN-2022-10352,2022-06-02,2022-06-05,Second Class,Manoj Tiwari,Consumer,Indore,Madhya Pradesh,452001,Furniture,Furnishings,Pedestal Unit,6784.34,8,0.0,1753.02,Critical,3,6,2022,25.84
354,IN-2022-10353,2022-08-01,2022-08-01,Same Day,Geeta Sharma,Consumer,Bhopal,Madhya Pradesh,462001,Technology,Copiers,Xerox WorkCenter,279374.46,4,0.05,-188.77,Low,0,8,2022,-0.07
355,IN-2023-10354,2023-02-18,2023-02-18,Same Day,Vinod Patel,Consumer,Patna,Bihar,800001,Office Supplies,Envelopes,Brown Envelopes,668.66,6,0.15,224.94,High,0,2,2023,33.64
356,IN-2022-10355,2022-09-04,2022-09-10,Standard Class,Anita Desai,Consumer,Vadodara,Gujarat,390001,Furniture,Storage,Locker Unit,9877.39,13,0.05,1176.96,Low,6,9,2022,11.92
357,IN-2023-10356,2023-05-14,2023-05-17,First Class,Prakash Rao,Home Office,Ludhiana,Punjab,141001,Office Supplies,Labels,Address Labels,831.98,14,0.0,-116.04,Critical,3,5,2023,-13.95
358,IN-2022-10357,2022-05-07,2022-05-09,First Class,Usha Mehta,Consumer,Agra,Uttar Pradesh,282001,Office Supplies,Envelopes,Window Envelopes,739.68,9,0.05,-43.04,Medium,2,5,2022,-5.82
359,IN-2022-10358,2022-06-24,2022-06-28,Second Class,Sunil Joshi,Consumer,Nashik,Maharashtra,422001,Office Supplies,Envelopes,Padded Envelopes,990.7,9,0.05,146.13,Critical,4,6,2022,14.75
360,IN-2022-10359,2022-09-02,2022-09-03,Same Day,Leela Iyer,Consumer,Coimbatore,Tamil Nadu,641001,Office Supplies,Envelopes,Padded Envelopes,833.15,6,0.0,308.11,Low,1,9,2022,36.98
361,IN-2022-10360,2022-04-13,2022-04-16,Second Class,Ravi Sharma,Home Office,,Maharashtra,400001,Office Supplies,Paper,A4 Paper Ream 500,1616.7,7,0.15,361.16,Low,3,4,2022,22.34
362,IN-2023-10361,2023-01-15,2023-01-16,Same Day,Priya Patel,Corporate,,Delhi,110001,Office Supplies,Envelopes,Padded Envelopes,1230.5,11,,,Medium,1,1,2023,
363,IN-2022-10362,2022-07-18,2022-07-22,Second Class,Arjun Singh,Consumer,Bangalore,Karnataka,560001,Office Supplies,Binders,A4 Binder Pack,3069.23,9,0.0,-245.35,Low,4,7,2022,-7.99
364,IN-2023-10363,2023-01-19,2023-01-23,Second Class,Sneha Mehta,Corporate,Chennai,Tamil Nadu,600001,Technology,Phones,Samsung Galaxy Tab,30953.64,3,0.05,6384.99,High,4,1,2023,20.63
365,IN-2022-10364,2022-03-23,2022-03-29,Standard Class,Kiran Rao,Consumer,Hyderabad,Telangana,500001,Furniture,Furnishings,Pedestal Unit,7335.17,9,0.2,1100.8,Low,6,3,2022,15.01
366,IN-2022-10365,2022-02-09,2022-02-12,Second Class,Deepak Joshi,Corporate,Pune,Maharashtra,411001,Technology,Copiers,Xerox WorkCenter,324830.98,11,0.05,-36218.03,Critical,3,2,2022,-11.15
367,IN-2022-10366,2022-09-13,2022-09-16,Second Class,Anjali Gupta,Corporate,Kolkata,West Bengal,700001,Office Supplies,Labels,Colour Dot Labels,598.46,10,0.25,35.05,Medium,3,9,2022,5.86
368,IN-2023-10367,2023-01-03,2023-01-06,Second Class,Vikram Nair,Consumer,Ahmedabad,Gujarat,380001,Office Supplies,Paper,A4 Paper Ream 500,4049.17,8,0.0,1099.69,Medium,3,1,2023,27.16
369,IN-2022-10368,2022-09-22,2022-09-24,First Class,Pooja Verma,Consumer,Jaipur,Rajasthan,302001,Office Supplies,Labels,Mailing Labels,309.11,3,0.1,79.82,Critical,2,9,2022,25.82
370,IN-2023-10369,2023-07-28,2023-08-03,Standard Class,,Home Office,Lucknow,Uttar Pradesh,226001,Office Supplies,Binders,Ring Binder,565.98,3,0.15,180.5,Medium,6,7,2023,31.89
371,IN-2023-10370,2023-12-17,2023-12-21,Second Class,Meera Iyer,Consumer,Surat,Gujarat,395001,Office Supplies,Envelopes,Window Envelopes,1125.96,8,0.0,202.53,Medium,4,12,2023,17.99
372,IN-2023-10371,2023-01-04,2023-01-08,Second Class,Suresh Reddy,Corporate,Nagpur,Maharashtra,440001,Furniture,Chairs,Mesh Task Chair,1429.67,2,0.05,,Critical,4,1,2023,
373,IN-2023-10372,2023-01-13,2023-01-14,Same Day,Neha Tiwari,Corporate,Indore,Madhya Pradesh,452001,Office Supplies,Envelopes,Window Envelopes,420.77,3,0.05,-0.74,Low,1,1,2023,-0.18
374,IN-2022-10373,2022-12-06,2022-12-09,First Class,Amit Kumar,Consumer,,Madhya Pradesh,462001,Office Supplies,Fasteners,Binder Clips Set,587.5,7,0.2,61.0,Medium,3,12,2022,10.38
375,IN-2023-10374,2023-06-01,2023-06-04,First Class,Sunita Desai,Corporate,Patna,Bihar,800001,Office Supplies,Labels,Mailing Labels,350.17,5,0.0,116.8,High,3,6,2023,33.36
376,IN-2022-10375,2022-03-18,2022-03-21,First Class,Rajesh Shah,Consumer,Vadodara,Gujarat,390001,Office Supplies,Fasteners,Paper Clips Box,382.29,8,0.1,97.46,Critical,3,3,2022,25.49
377,IN-2022-10376,2022-04-01,2022-04-04,First Class,Kavita Mishra,Consumer,Ludhiana,Punjab,141001,Office Supplies,Binders,Lever Arch Files,1601.07,13,0.0,639.45,Low,3,4,2022,39.94
378,IN-2023-10377,2023-05-23,2023-05-29,Standard Class,Arun Pandey,Corporate,Agra,Uttar Pradesh,282001,Furniture,Bookcases,Wooden Bookcase 5-Shelf,13896.66,13,0.3,4730.99,High,6,5,2023,34.04
379,IN-2022-10378,2022-07-27,2022-07-29,First Class,Rohit Yadav,Consumer,Nashik,Maharashtra,422001,Furniture,Tables,Conference Table,4928.57,4,0.2,940.07,High,2,7,2022,19.07
380,IN-2022-10379,2022-10-03,2022-10-06,First Class,Divya Nair,Home Office,Coimbatore,Tamil Nadu,641001,Office Supplies,Binders,A4 Binder Pack,3820.07,13,0.05,913.26,Low,3,10,2022,23.91
381,IN-2023-10380,2023-07-16,2023-07-22,Standard Class,Sanjay Gupta,Corporate,Mumbai,Maharashtra,400001,Technology,Accessories,Wireless Mouse,10281.69,7,0.1,1111.52,Critical,6,7,2023,10.81
382,IN-2023-10381,2023-12-23,2023-12-26,First Class,Rekha Verma,Home Office,Delhi,Delhi,110001,Office Supplies,Fasteners,Paper Clips Box,501.5,14,0.1,110.9,Medium,3,12,2023,22.11
383,IN-2022-10382,2022-03-05,2022-03-08,Second Class,Manoj Tiwari,Home Office,Bangalore,Karnataka,560001,Furniture,Storage,Locker Unit,4686.35,9,0.3,-523.04,High,3,3,2022,-11.16
384,IN-2023-10383,2023-03-10,2023-03-14,Second Class,Geeta Sharma,Corporate,Chennai,Tamil Nadu,600001,Furniture,Furnishings,Filing Cabinet,4707.47,6,0.1,1750.28,Critical,4,3,2023,37.18
385,IN-2023-10384,2023-03-14,2023-03-18,Second Class,Vinod Patel,Consumer,Hyderabad,Telangana,500001,Furniture,Furnishings,Filing Cabinet,4373.38,4,0.1,519.0,Low,4,3,2023,11.87
386,IN-2023-10385,2023-09-20,2023-09-20,Same Day,Anita Desai,Corporate,Pune,Maharashtra,411001,Furniture,Bookcases,Metal Bookcase 3-Shelf,3452.55,4,,-357.3,Critical,0,9,2023,-10.35
387,IN-2023-10386,2023-05-26,2023-05-26,Same Day,Prakash Rao,Home Office,Kolkata,West Bengal,700001,Office Supplies,Supplies,Correction Fluid,3029.36,11,0.0,774.26,Critical,0,5,2023,25.56
388,IN-2023-10387,2023-01-15,2023-01-18,Second Class,Usha Mehta,Home Office,Ahmedabad,Gujarat,380001,Furniture,Tables,Conference Table,19048.94,7,0.25,5271.82,Critical,3,1,2023,27.68
389,IN-2023-10388,2023-07-24,2023-07-27,First Class,Sunil Joshi,Consumer,Jaipur,Rajasthan,302001,Office Supplies,Binders,Lever Arch Files,2364.19,14,0.1,671.84,Critical,3,7,2023,28.42
390,IN-2023-10389,2023-08-07,2023-08-13,Standard Class,Leela Iyer,Consumer,Lucknow,Uttar Pradesh,226001,Furniture,Tables,Executive Desk,10722.4,4,0.1,4202.29,Critical,6,8,2023,39.19
391,IN-2023-10390,2023-02-24,2023-02-24,Same Day,Ravi Sharma,Consumer,Surat,Gujarat,395001,Furniture,Bookcases,Metal Bookcase 3-Shelf,10516.53,8,0.0,3203.76,Low,0,2,2023,30.46
392,IN-2023-10391,2023-04-16,2023-04-19,First Class,Priya Patel,Consumer,Nagpur,Maharashtra,440001,Technology,Accessories,Wireless Mouse,3298.45,4,0.05,1073.85,Critical,3,4,2023,32.56
393,IN-2022-10392,2022-12-21,2022-12-25,Second Class,Arjun Singh,Consumer,Indore,Madhya Pradesh,452001,Furniture,Furnishings,Filing Cabinet,5965.26,14,0.1,,Critical,4,12,2022,
394,IN-2022-10393,2022-08-14,2022-08-19,Standard Class,Sneha Mehta,Consumer,Bhopal,Madhya Pradesh,462001,Office Supplies,Binders,A4 Binder Pack,2465.44,7,0.05,599.97,Critical,5,8,2022,24.34
395,IN-2023-10394,2023-11-10,2023-11-12,First Class,Kiran Rao,Consumer,Patna,Bihar,800001,Furniture,Tables,Study Desk,40294.82,12,0.2,911.93,High,2,11,2023,2.26
396,IN-2022-10395,2022-02-07,2022-02-07,Same Day,Deepak Joshi,Home Office,Vadodara,Gujarat,390001,Technology,Copiers,Ricoh Copier,649823.43,11,0.1,137002.44,Critical,0,2,2022,21.08
397,IN-2022-10396,2022-08-17,2022-08-18,Same Day,Anjali Gupta,Corporate,Ludhiana,Punjab,141001,Furniture,Tables,Executive Desk,26032.82,7,0.05,3452.42,Low,1,8,2022,13.26
398,IN-2023-10397,2023-05-01,2023-05-01,Same Day,Vikram Nair,Corporate,Agra,Uttar Pradesh,282001,Office Supplies,Paper,Coloured Paper Pack,1804.17,6,0.1,98.68,High,0,5,2023,5.47
399,IN-2023-10398,2023-12-13,2023-12-18,Standard Class,Pooja Verma,Corporate,Nashik,Maharashtra,422001,Furniture,Bookcases,Metal Bookcase 3-Shelf,2963.83,3,0.2,21.16,Medium,5,12,2023,0.71
400,IN-2023-10399,2023-12-03,2023-12-09,Standard Class,Rahul Kulkarni,Corporate,Coimbatore,Tamil Nadu,,Furniture,Bookcases,Metal Bookcase 3-Shelf,7897.37,3,0.05,1983.86,High,6,12,2023,25.12
401,IN-2023-10400,2023-09-18,2023-09-20,First Class,Meera Iyer,Corporate,Mumbai,Maharashtra,400001,Furniture,Storage,Document Tray,1839.05,4,,-275.2,Medium,2,9,2023,-14.96
402,IN-2022-10401,2022-04-19,2022-04-19,Same Day,Suresh Reddy,Corporate,Delhi,Delhi,110001,Technology,Accessories,Webcam HD,1528.03,1,0.0,17.84,Medium,0,4,2022,1.17
403,IN-2022-10402,2022-01-02,2022-01-08,Standard Class,Neha Tiwari,Consumer,Bangalore,Karnataka,560001,Furniture,Tables,Study Desk,38761.94,11,0.0,10655.04,Critical,6,1,2022,27.49
404,IN-2023-10403,2023-10-23,2023-10-29,Standard Class,Amit Kumar,Consumer,Chennai,Tamil Nadu,600001,Office Supplies,Supplies,Correction Fluid,271.9,2,0.2,-15.26,Medium,6,10,2023,-5.61
405,IN-2023-10404,2023-02-21,2023-02-21,Same Day,Sunita Desai,Consumer,Hyderabad,Telangana,500001,Office Supplies,Labels,Colour Dot Labels,708.23,9,0.15,-58.17,Critical,0,2,2023,-8.21
406,IN-2022-10405,2022-08-25,2022-08-26,Same Day,Rajesh Shah,Consumer,Pune,Maharashtra,411001,Technology,Phones,Motorola G84,92552.46,3,0.0,3221.18,Low,1,8,2022,3.48
407,IN-2023-10406,2023-11-14,2023-11-16,First Class,Kavita Mishra,Home Office,Kolkata,West Bengal,700001,Furniture,Bookcases,Metal Bookcase 3-Shelf,15938.53,12,0.2,1046.39,High,2,11,2023,6.57
408,IN-2023-10407,2023-05-08,2023-05-12,Second Class,Arun Pandey,Corporate,Ahmedabad,Gujarat,380001,Furniture,Storage,Storage Box Set,3304.68,5,0.25,169.32,Low,4,5,2023,5.12
409,IN-2023-10408,2023-10-30,2023-11-01,First Class,Rohit Yadav,Consumer,Jaipur,Rajasthan,302001,Furniture,Chairs,Recliner Chair,3170.76,3,0.0,1201.15,Critical,2,10,2023,37.88
410,IN-2022-10409,2022-10-26,2022-10-30,Second Class,Divya Nair,Corporate,Lucknow,Uttar Pradesh,,Office Supplies,Fasteners,Binder Clips Set,577.17,6,0.2,148.04,Low,4,10,2022,25.65
411,IN-2023-10410,2023-11-27,2023-11-29,First Class,Sanjay Gupta,Home Office,Surat,Gujarat,395001,Furniture,Chairs,Ergonomic Chair Pro,4078.68,4,0.3,87.83,Medium,2,11,2023,2.15
412,IN-2022-10411,2022-05-17,2022-05-17,Same Day,Rekha Verma,Home Office,Nagpur,Maharashtra,440001,Furniture,Chairs,Recliner Chair,9432.99,12,0.05,3402.92,High,0,5,2022,36.07
413,IN-2022-10412,2022-03-14,2022-03-18,Second Class,Manoj Tiwari,Consumer,Indore,Madhya Pradesh,452001,Office Supplies,Supplies,Rubber Band Box,2111.74,13,0.1,-30.28,Medium,4,3,2022,-1.43
414,IN-2023-10413,2023-04-05,2023-04-07,First Class,Geeta Sharma,Corporate,Bhopal,Madhya Pradesh,462001,Furniture,Bookcases,Wooden Bookcase 5-Shelf,17718.09,8,,-2115.84,High,2,4,2023,-11.94
415,IN-2022-10414,2022-05-09,2022-05-12,First Class,Vinod Patel,Corporate,Patna,Bihar,800001,Office Supplies,Paper,Tracing Paper,1040.41,2,,23.55,Critical,3,5,2022,2.26
416,IN-2022-10415,2022-10-21,2022-10-26,Standard Class,Anita Desai,Consumer,Vadodara,Gujarat,390001,Furniture,Tables,Conference Table,32452.47,9,0.2,-1773.89,Low,5,10,2022,-5.47
417,IN-2022-10416,2022-04-22,2022-04-26,Second Class,Prakash Rao,Consumer,Ludhiana,Punjab,141001,Furniture,Furnishings,Pedestal Unit,11579.58,14,0.1,747.65,Low,4,4,2022,6.46
418,IN-2022-10417,2022-05-18,2022-05-18,Same Day,Usha Mehta,Corporate,Agra,Uttar Pradesh,282001,Office Supplies,Paper,A4 Paper Ream 500,7359.45,12,0.1,1728.22,Medium,0,5,2022,23.48
419,IN-2022-10418,2022-07-16,2022-07-18,First Class,Sunil Joshi,Home Office,Nashik,Maharashtra,422001,Furniture,Bookcases,Wooden Bookcase 5-Shelf,5266.36,5,0.0,257.25,Low,2,7,2022,4.88
420,IN-2023-10419,2023-03-21,2023-03-26,Standard Class,Leela Iyer,Home Office,Coimbatore,Tamil Nadu,641001,Technology,Copiers,Canon IR Series,1262373.46,14,0.0,416848.17,High,5,3,2023,33.02
421,IN-2023-10420,2023-08-11,2023-08-11,Same Day,Ravi Sharma,Home Office,Mumbai,Maharashtra,400001,Technology,Phones,OnePlus Nord,210361.49,10,0.05,-25728.84,Low,0,8,2023,-12.23
422,IN-2023-10421,2023-11-09,2023-11-14,Standard Class,Priya Patel,Consumer,Delhi,Delhi,110001,Furniture,Chairs,Ergonomic Chair Pro,11899.8,9,0.05,3605.09,Medium,5,11,2023,30.3
423,IN-2023-10422,2023-03-05,2023-03-06,Same Day,Arjun Singh,Consumer,Bangalore,Karnataka,560001,Office Supplies,Supplies,Correction Fluid,204.38,1,0.0,63.16,Medium,1,3,2023,30.9
424,IN-2022-10423,2022-03-01,2022-03-02,Same Day,Sneha Mehta,Corporate,,Tamil Nadu,600001,Furniture,Storage,Locker Unit,,6,0.15,7.04,High,1,3,2022,
425,IN-2022-10424,2022-05-26,2022-05-29,First Class,Kiran Rao,Corporate,Hyderabad,Telangana,500001,Furniture,Chairs,Mesh Task Chair,18139.65,10,0.05,-229.02,Critical,3,5,2022,-1.26
426,IN-2022-10425,2022-12-03,2022-12-03,Same Day,Deepak Joshi,Corporate,Pune,Maharashtra,411001,Office Supplies,Art,Drawing Kit,1964.4,12,0.1,719.29,High,0,12,2022,36.62
427,IN-2022-10426,2022-05-21,2022-05-22,Same Day,Anjali Gupta,Consumer,Kolkata,West Bengal,700001,Office Supplies,Paper,A4 Paper Ream 500,5351.67,13,0.0,-491.12,Critical,1,5,2022,-9.18
428,IN-2023-10427,2023-03-05,2023-03-09,Second Class,Vikram Nair,Corporate,Ahmedabad,Gujarat,380001,Office Supplies,Supplies,Sticky Notes Pack,1725.7,14,0.0,526.37,Critical,4,3,2023,30.5
429,IN-2023-10428,2023-08-06,2023-08-09,First Class,Pooja Verma,Consumer,Jaipur,Rajasthan,302001,Technology,Machines,Brother Printer,64101.26,6,0.3,-366.11,Low,3,8,2023,-0.57
430,IN-2023-10429,2023-02-27,2023-03-05,Standard Class,Rahul Kulkarni,Consumer,Lucknow,Uttar Pradesh,226001,Office Supplies,Art,Watercolour Set,,3,0.05,-62.24,Low,6,2,2023,
431,IN-2022-10430,2022-01-06,2022-01-07,Same Day,Meera Iyer,Consumer,Surat,Gujarat,395001,Technology,Machines,HP LaserJet Pro,224788.54,14,0.2,,Low,1,1,2022,
432,IN-2022-10431,2022-04-16,2022-04-18,First Class,Suresh Reddy,Consumer,Nagpur,Maharashtra,440001,Furniture,Tables,Executive Desk,20334.94,9,0.1,586.99,High,2,4,2022,2.89
433,IN-2022-10432,2022-07-12,2022-07-15,First Class,Neha Tiwari,Corporate,Indore,Madhya Pradesh,452001,Office Supplies,Supplies,Correction Fluid,932.77,9,0.2,280.98,Medium,3,7,2022,30.12
434,IN-2022-10433,2022-04-23,2022-04-28,Standard Class,Amit Kumar,Consumer,Bhopal,Madhya Pradesh,462001,Office Supplies,Art,Drawing Kit,1343.49,10,0.1,,Medium,5,4,2022,
435,IN-2022-10434,2022-08-25,2022-08-26,Same Day,Sunita Desai,Home Office,Patna,Bihar,800001,Furniture,Bookcases,Wooden Bookcase 5-Shelf,6766.14,5,0.1,537.61,Medium,1,8,2022,7.95
436,IN-2022-10435,2022-12-21,2022-12-27,Standard Class,Rajesh Shah,Consumer,Vadodara,Gujarat,390001,Technology,Accessories,Wireless Mouse,14949.31,9,,4376.11,Medium,6,12,2022,29.27
437,IN-2023-10436,2023-07-30,2023-07-31,Same Day,Kavita Mishra,Consumer,Ludhiana,Punjab,141001,Furniture,Bookcases,Wooden Bookcase 5-Shelf,9252.2,5,0.3,-698.52,Medium,1,7,2023,-7.55
438,IN-2023-10437,2023-10-18,2023-10-21,First Class,Arun Pandey,Home Office,Agra,Uttar Pradesh,282001,Office Supplies,Fasteners,Stapler Heavy Duty,800.8,11,0.0,257.76,Medium,3,10,2023,32.19
439,IN-2022-10438,2022-10-10,2022-10-12,First Class,Rohit Yadav,Corporate,Nashik,Maharashtra,422001,Furniture,Tables,Executive Desk,23785.98,12,0.3,3551.47,High,2,10,2022,14.93
440,IN-2022-10439,2022-03-04,2022-03-06,First Class,Divya Nair,Consumer,Coimbatore,Tamil Nadu,641001,Technology,Machines,Brother Printer,176400.97,14,0.0,13366.38,Low,2,3,2022,7.58
441,IN-2023-10440,2023-02-04,2023-02-08,Second Class,,Consumer,,Maharashtra,400001,Furniture,Storage,Document Tray,2295.36,4,0.05,754.89,High,4,2,2023,32.89
442,IN-2023-10441,2023-04-06,2023-04-07,Same Day,Rekha Verma,Corporate,Delhi,Delhi,110001,Furniture,Furnishings,Office Cabinet,4521.49,5,0.1,1047.15,High,1,4,2023,23.16
443,IN-2022-10442,2022-05-26,2022-05-26,Same Day,Manoj Tiwari,Consumer,Bangalore,Karnataka,560001,Furniture,Furnishings,Office Cabinet,3839.96,4,0.05,285.09,Critical,0,5,2022,7.42
444,IN-2023-10443,2023-01-02,2023-01-06,Second Class,,Home Office,Chennai,Tamil Nadu,600001,Office Supplies,Envelopes,Brown Envelopes,150.94,2,0.1,-1.07,Critical,4,1,2023,-0.71
445,IN-2023-10444,2023-09-30,2023-10-05,Standard Class,Vinod Patel,Consumer,Hyderabad,Telangana,500001,Furniture,Furnishings,Pedestal Unit,3863.67,9,0.1,-355.17,Critical,5,9,2023,-9.19
446,IN-2023-10445,2023-04-23,2023-04-25,First Class,Anita Desai,Consumer,Pune,Maharashtra,411001,Office Supplies,Art,Sketch Pad A3,6465.28,13,0.0,2544.94,Medium,2,4,2023,39.36
447,IN-2022-10446,2022-07-13,2022-07-17,Second Class,Prakash Rao,Corporate,Kolkata,West Bengal,700001,Office Supplies,Art,Drawing Kit,1261.39,3,0.15,112.14,Medium,4,7,2022,8.89
448,IN-2022-10447,2022-11-23,2022-11-29,Standard Class,Usha Mehta,Corporate,Ahmedabad,Gujarat,380001,Office Supplies,Fasteners,Stapler Heavy Duty,368.33,5,0.0,-29.08,Critical,6,11,2022,-7.9
449,IN-2023-10448,2023-01-21,2023-01-25,Second Class,,Corporate,Jaipur,Rajasthan,302001,Furniture,Chairs,Ergonomic Chair Pro,21872.69,11,0.0,-750.78,High,4,1,2023,-3.43
450,IN-2022-10449,2022-07-01,2022-07-04,First Class,Leela Iyer,Home Office,Lucknow,Uttar Pradesh,,Furniture,Tables,Study Desk,9720.35,8,0.3,-735.89,Medium,3,7,2022,-7.57
451,IN-2022-10450,2022-12-27,2022-12-28,Same Day,Ravi Sharma,Corporate,Surat,Gujarat,,Furniture,Furnishings,Filing Cabinet,12500.68,12,0.0,2885.09,Low,1,12,2022,23.08
452,IN-2023-10451,2023-04-19,2023-04-22,Second Class,Priya Patel,Consumer,Nagpur,Maharashtra,440001,Furniture,Storage,Document Tray,8024.41,9,0.0,2036.46,Critical,3,4,2023,25.38
453,IN-2023-10452,2023-08-01,2023-08-03,First Class,Arjun Singh,Home Office,Indore,Madhya Pradesh,452001,Furniture,Furnishings,Filing Cabinet,6555.31,9,0.2,2052.52,Critical,2,8,2023,31.31
454,IN-2022-10453,2022-06-05,2022-06-06,Same Day,Sneha Mehta,Corporate,Bhopal,Madhya Pradesh,462001,Office Supplies,Fasteners,Stapler Heavy Duty,132.64,2,,-16.22,Low,1,6,2022,-12.23
455,IN-2022-10454,2022-05-30,2022-06-03,Second Class,Kiran Rao,Corporate,Patna,Bihar,800001,Office Supplies,Paper,Coloured Paper Pack,9289.04,14,0.0,2694.88,Critical,4,5,2022,29.01
456,IN-2023-10455,2023-06-14,2023-06-15,Same Day,,Home Office,Vadodara,Gujarat,390001,Technology,Accessories,Wireless Mouse,23077.13,13,0.15,5123.09,Critical,1,6,2023,22.2
457,IN-2023-10456,2023-12-19,2023-12-22,First Class,Anjali Gupta,Consumer,Ludhiana,Punjab,141001,Furniture,Bookcases,Metal Bookcase 3-Shelf,29641.01,11,0.05,-2363.1,High,3,12,2023,-7.97
458,IN-2023-10457,2023-05-10,2023-05-16,Standard Class,Vikram Nair,Corporate,Agra,Uttar Pradesh,282001,Technology,Machines,Epson Printer,205438.84,13,0.0,-20147.31,Medium,6,5,2023,-9.81
459,IN-2022-10458,2022-12-21,2022-12-26,Standard Class,Pooja Verma,Corporate,,Maharashtra,422001,Furniture,Furnishings,Pedestal Unit,,8,0.0,1658.42,High,5,12,2022,
460,IN-2023-10459,2023-05-23,2023-05-28,Standard Class,Rahul Kulkarni,Corporate,Coimbatore,Tamil Nadu,641001,Furniture,Storage,Locker Unit,2474.41,4,0.1,-255.41,High,5,5,2023,-10.32
461,IN-2023-10460,2023-06-12,2023-06-15,Second Class,Meera Iyer,Consumer,Mumbai,Maharashtra,400001,Furniture,Furnishings,Pedestal Unit,8444.98,11,0.3,613.1,Medium,3,6,2023,7.26
462,IN-2022-10461,2022-01-29,2022-02-02,Second Class,Suresh Reddy,Home Office,Delhi,Delhi,110001,Office Supplies,Supplies,Rubber Band Box,712.69,5,0.05,156.71,Critical,4,1,2022,21.99
463,IN-2022-10462,2022-08-31,2022-09-03,First Class,Neha Tiwari,Consumer,Bangalore,Karnataka,560001,Office Supplies,Envelopes,Padded Envelopes,724.85,11,0.1,-6.37,Critical,3,8,2022,-0.88
464,IN-2022-10463,2022-02-12,2022-02-17,Standard Class,Amit Kumar,Home Office,Chennai,Tamil Nadu,600001,Furniture,Bookcases,Wooden Bookcase 5-Shelf,11641.37,13,0.0,1090.43,Low,5,2,2022,9.37
465,IN-2023-10464,2023-07-05,2023-07-05,Same Day,,Consumer,,Telangana,500001,Office Supplies,Paper,Tracing Paper,,10,0.0,1017.66,High,0,7,2023,
466,IN-2023-10465,2023-01-04,2023-01-07,First Class,Rajesh Shah,Corporate,Pune,Maharashtra,411001,Office Supplies,Fasteners,Stapler Heavy Duty,462.07,10,0.25,63.66,Critical,3,1,2023,13.78
467,IN-2023-10466,2023-10-28,2023-11-03,Standard Class,Kavita Mishra,Consumer,Kolkata,West Bengal,700001,Technology,Copiers,Canon IR Series,306188.66,4,0.05,62012.71,Critical,6,10,2023,20.25
468,IN-2023-10467,2023-07-20,2023-07-25,Standard Class,Arun Pandey,Corporate,Ahmedabad,Gujarat,380001,Office Supplies,Art,Watercolour Set,4238.43,14,0.25,1637.51,Medium,5,7,2023,38.63
469,IN-2023-10468,2023-05-13,2023-05-19,Standard Class,Rohit Yadav,Home Office,Jaipur,Rajasthan,302001,Office Supplies,Binders,Ring Binder,2499.8,14,0.05,381.87,High,6,5,2023,15.28
470,IN-2022-10469,2022-09-30,2022-10-03,Second Class,Divya Nair,Corporate,Lucknow,Uttar Pradesh,226001,Furniture,Chairs,Mesh Task Chair,12268.62,13,0.1,-747.68,Critical,3,9,2022,-6.09
471,IN-2023-10470,2023-07-30,2023-08-02,First Class,Sanjay Gupta,Consumer,Surat,Gujarat,395001,Office Supplies,Art,Watercolour Set,6091.11,14,0.05,383.75,Low,3,7,2023,6.3
472,IN-2023-10471,2023-01-26,2023-01-30,Second Class,Rekha Verma,Corporate,Nagpur,Maharashtra,440001,Furniture,Chairs,Mesh Task Chair,7321.69,7,0.3,-488.45,Low,4,1,2023,-6.67
473,IN-2023-10472,2023-05-17,2023-05-18,Same Day,Manoj Tiwari,Corporate,Indore,Madhya Pradesh,452001,Office Supplies,Labels,Mailing Labels,50.62,1,0.15,-6.53,High,1,5,2023,-12.9
474,IN-2023-10473,2023-09-27,2023-09-30,Second Class,Geeta Sharma,Consumer,Bhopal,Madhya Pradesh,462001,Furniture,Tables,Conference Table,42942.6,13,0.05,12524.49,Critical,3,9,2023,29.17
475,IN-2023-10474,2023-02-25,2023-02-27,First Class,Vinod Patel,Corporate,Patna,Bihar,800001,Technology,Accessories,Webcam HD,22178.95,12,0.1,7285.03,Critical,2,2,2023,32.85
476,IN-2023-10475,2023-06-14,2023-06-18,Second Class,Anita Desai,Corporate,Vadodara,Gujarat,390001,Furniture,Chairs,Gaming Chair,8510.91,14,0.1,1672.83,Critical,4,6,2023,19.66
477,IN-2023-10476,2023-10-26,2023-10-27,Same Day,Prakash Rao,Consumer,Ludhiana,Punjab,141001,Technology,Phones,OnePlus Nord,353107.76,10,,23578.71,Critical,1,10,2023,6.68
478,IN-2022-10477,2022-06-04,2022-06-07,Second Class,Usha Mehta,Consumer,Agra,Uttar Pradesh,282001,Office Supplies,Fasteners,Paper Clips Box,1203.33,14,0.1,355.37,Medium,3,6,2022,29.53
479,IN-2022-10478,2022-10-01,2022-10-06,Standard Class,,Home Office,Nashik,Maharashtra,422001,Furniture,Storage,Storage Box Set,3920.52,11,0.05,800.48,Critical,5,10,2022,20.42
480,IN-2023-10479,2023-12-23,2023-12-24,Same Day,Leela Iyer,Consumer,,Tamil Nadu,,Office Supplies,Fasteners,Paper Clips Box,748.32,10,,225.44,High,1,12,2023,30.13
481,IN-2022-10480,2022-05-24,2022-05-29,Standard Class,,Consumer,Mumbai,Maharashtra,400001,Technology,Accessories,Wireless Mouse,23169.38,12,0.1,2200.22,High,5,5,2022,9.5
482,IN-2022-10481,2022-07-16,2022-07-22,Standard Class,Priya Patel,Corporate,Delhi,Delhi,110001,Office Supplies,Labels,Colour Dot Labels,655.62,7,0.0,197.2,High,6,7,2022,30.08
483,IN-2022-10482,2022-12-14,2022-12-16,First Class,Arjun Singh,Consumer,Bangalore,Karnataka,560001,Technology,Machines,Brother Printer,96237.7,10,0.05,-5788.53,Medium,2,12,2022,-6.01
484,IN-2023-10483,2023-11-22,2023-11-24,First Class,Sneha Mehta,Consumer,Chennai,Tamil Nadu,600001,Furniture,Storage,Storage Box Set,2748.5,3,0.0,-118.76,Critical,2,11,2023,-4.32
485,IN-2023-10484,2023-09-06,2023-09-09,First Class,Kiran Rao,Consumer,Hyderabad,Telangana,500001,Office Supplies,Art,Drawing Kit,2147.26,9,0.3,,High,3,9,2023,
486,IN-2022-10485,2022-01-12,2022-01-17,Standard Class,Deepak Joshi,Consumer,Pune,Maharashtra,411001,Office Supplies,Art,Watercolour Set,3844.4,10,0.2,50.5,Medium,5,1,2022,1.31
487,IN-2022-10486,2022-07-09,2022-07-14,Standard Class,Anjali Gupta,Consumer,Kolkata,West Bengal,700001,Furniture,Chairs,Gaming Chair,4935.11,9,0.15,1237.89,Medium,5,7,2022,25.08
488,IN-2023-10487,2023-04-13,2023-04-19,Standard Class,Vikram Nair,Consumer,Ahmedabad,Gujarat,380001,Furniture,Bookcases,Metal Bookcase 3-Shelf,8205.42,9,0.05,2226.0,Critical,6,4,2023,27.13
489,IN-2023-10488,2023-03-05,2023-03-07,First Class,Pooja Verma,Consumer,Jaipur,Rajasthan,302001,Furniture,Tables,Executive Desk,,3,0.1,5007.61,Medium,2,3,2023,
490,IN-2023-10489,2023-05-10,2023-05-12,First Class,Rahul Kulkarni,Consumer,Lucknow,Uttar Pradesh,226001,Furniture,Tables,Study Desk,6910.5,2,0.1,769.13,Critical,2,5,2023,11.13
491,IN-2023-10490,2023-12-29,2024-01-03,Standard Class,,Consumer,Surat,Gujarat,395001,Furniture,Bookcases,Wooden Bookcase 5-Shelf,3931.67,3,0.15,1489.67,Critical,5,12,2023,37.89
492,IN-2023-10491,2023-11-30,2023-11-30,Same Day,Suresh Reddy,Corporate,Nagpur,Maharashtra,440001,Office Supplies,Fasteners,Stapler Heavy Duty,812.62,8,0.05,204.76,Critical,0,11,2023,25.2
493,IN-2022-10492,2022-10-21,2022-10-21,Same Day,,Home Office,Indore,Madhya Pradesh,452001,Technology,Phones,iPhone 14,29075.45,1,0.2,,Critical,0,10,2022,
494,IN-2022-10493,2022-03-26,2022-03-29,Second Class,Amit Kumar,Corporate,Bhopal,Madhya Pradesh,,Office Supplies,Fasteners,Stapler Heavy Duty,1493.61,12,0.0,375.79,Low,3,3,2022,25.16
495,IN-2023-10494,2023-04-08,2023-04-11,Second Class,Sunita Desai,Consumer,Patna,Bihar,800001,Office Supplies,Envelopes,Brown Envelopes,1553.35,11,0.1,568.94,High,3,4,2023,36.63
496,IN-2022-10495,2022-02-19,2022-02-23,Second Class,Rajesh Shah,Corporate,Vadodara,Gujarat,390001,Furniture,Bookcases,Wooden Bookcase 5-Shelf,13197.08,12,0.15,,High,4,2,2022,
497,IN-2022-10496,2022-06-26,2022-07-01,Standard Class,Kavita Mishra,Corporate,Ludhiana,Punjab,,Furniture,Chairs,Ergonomic Chair Pro,15000.19,13,0.0,1983.72,Low,5,6,2022,13.22
498,IN-2022-10497,2022-09-06,2022-09-09,Second Class,Arun Pandey,Consumer,Agra,Uttar Pradesh,,Technology,Copiers,Xerox WorkCenter,,12,0.0,-114203.89,High,3,9,2022,
499,IN-2022-10498,2022-08-29,2022-09-02,Second Class,Rohit Yadav,Corporate,Nashik,Maharashtra,422001,Furniture,Tables,Executive Desk,5475.26,3,0.1,-545.98,Critical,4,8,2022,-9.97
500,IN-2022-10499,2022-08-09,2022-08-12,Second Class,Divya Nair,Consumer,Coimbatore,Tamil Nadu,641001,Office Supplies,Fasteners,Paper Clips Box,215.27,4,0.1,-17.88,Low,3,8,2022,-8.31
